,Strain,Tob,Index,genexp_1,genexp_2,gpa_1,gpa_2,snps_1,snps_2
0,CF592_Iso2,0.0,0,-11.016246973169176,27.127164952440502,0.5027941388545121,-6.420883094815121,-26.891052321931554,-32.080064970380434
2,CH2500,0.0,2,-38.671394212920404,-18.940965688367832,2.767353658633982,-8.163429543096461,-33.247348599688124,-41.26447521769391
3,CH2502,0.0,3,15.714774270250862,-10.002297396712931,-4.503520259884625,0.7255307624115144,24.169631076438375,12.884345006866333
4,CH2522,0.0,4,39.04420714687299,-48.9647397415871,-6.258080040872982,-2.162321176585314,31.008591153862678,-3.633329034800127
5,CH2527,0.0,5,61.756554547257856,-44.02249020760243,-5.688060878002531,0.8864070726214202,21.49585262377357,14.812959799393852
6,CH2543,1.0,6,9.810239465397434,-14.339723899374025,21.231311721493146,4.057689262567054,-65.11946368685896,31.943552048755357
7,CH2560,1.0,7,0.041107463148113775,5.659575578292638,22.0444196905984,4.330315139752397,-65.21086881185455,32.18236168256137
8,CH2582,0.0,8,-4.340453193920479,-14.112480867170529,-5.782685842806847,-0.39130153287880276,29.720764672460017,3.7955116025274904
9,CH2591,1.0,9,-1.1526733790671815,-16.691836777586232,21.97654442340604,4.194807488909214,-64.56755567022851,30.93992011409906
10,CH2597,0.0,10,67.67190006958359,-39.02794808655411,-6.384608199925227,-4.285314339331368,26.653017379022334,-7.9891652759675935
11,CH2598,0.0,11,32.693140178449205,-15.592920087378598,-4.79698721439036,-3.8222477432122206,25.56744389536971,0.6978518150092157
12,CH2608,1.0,12,22.291305721544543,-38.20358422343769,17.13127559076866,-1.3675199609877122,-58.54146478104835,11.517973057375109
13,CH2623,1.0,13,-8.381723490140876,-45.26963466209072,-3.6830210713024982,-1.1793340641935162,19.31872896297529,17.40669467645092
14,CH2639,1.0,14,-13.782423481531419,-3.9422070810633603,22.33943138901099,4.424016261313518,-65.8375718902762,33.49546652407019
15,CH2657,1.0,15,21.992570165573042,27.109337504577912,21.833759244118287,4.598417286725239,-65.69904964253182,33.131390747450034
16,CH2658,0.0,16,53.71903751084072,-25.233882227020256,-2.7834351695256583,-0.2997783252898696,14.91205551430323,10.493049176789583
17,CH2660,0.0,17,23.858340964406363,-18.91700464556989,-5.535523586330841,-5.452697683445143,27.827889956249084,-8.944141197496755
18,CH2665,1.0,18,38.01402527677819,-30.013068588598685,3.991663825357014,-6.640944433130601,-35.84811485035665,-24.00349017212454
19,CH2672,0.0,19,-10.06404733473791,27.06969937540353,6.1123963005657,-1.6548537817543698,-35.04818968486808,-22.170846245699636
20,CH2674,1.0,20,94.0232718651074,60.6418644548515,17.393117049432536,-0.7215768873503574,-59.78711775193724,18.070439706301052
21,CH2675,1.0,21,-19.003431707922587,10.013953315282897,20.637260289707587,4.137455851350364,-63.16248950211342,29.732666176908545
22,CH2677,0.0,22,-18.733984354373973,-14.34553871727239,0.405094685437662,-6.376482177810718,-25.016648881205853,-31.138112315950426
23,CH2678,0.0,23,33.20069732243564,11.975659941963928,-5.0665023063566075,-4.109998309218969,23.530992815657182,-1.1692292536831204
24,CH2680,0.0,24,-25.0143345286931,-16.72501829496997,-4.636651244775647,-4.077103701397927,23.146952115360445,-9.423314067650786
25,CH2682,0.0,25,25.620327273041358,-16.85970336116291,-5.300994818231174,1.1557727086594198,23.41451137279577,17.16171729947589
26,CH2685,0.0,26,93.08769450548509,-66.49267346530993,1.0235649816082557,-5.959811121621392,-28.933354564498735,-29.004487069064762
27,CH2687,0.0,27,7.293205672244536,3.2080993995088587,4.07736541578771,-5.050618858455815,-32.07389751326934,-17.525339874787313
28,CH2690,0.0,28,152.77456860647945,-30.311479002225166,-3.658512065672296,-0.37334409092722787,24.143848522276873,-5.351473484921492
29,CH2698,1.0,29,-28.86301438188523,-35.30665150931172,-3.189969842507414,1.2463595844151545,20.585545272236335,9.114793221843414
30,CH2699,1.0,30,-12.04779684612777,-6.133950256355595,20.618505664573892,4.089903148014926,-63.50845323390422,30.93793159424805
31,CH2705,1.0,31,31.533276998763903,-7.4832708826618095,3.9101560301146483,-6.4348108357751235,-40.56827587787177,-10.794059101388825
32,CH2706,1.0,32,2.958800974368524,-25.744494337628375,-3.240263322008028,4.039208345338567,25.09460933670316,7.353331613898085
33,CH2707,1.0,33,139.4516461930103,-22.158643541585636,-5.072439910450574,-2.9173976843117035,27.69206070707605,-2.6418931077069914
34,CH2713,0.0,34,109.50528726050766,6.579644499731852,2.509545950535464,-9.11077402700826,-30.86199517778297,-47.720771755802325
35,CH2718,0.0,35,39.09553470602195,2.3144824458440763,-5.4335493605005105,-0.18622494175135174,31.009862574805435,0.0675175495584881
36,CH2724,0.0,36,-12.020856784453134,-16.74722812605109,-6.414702720287035,-4.67699382689991,26.753652095199005,-0.06620167585296599
37,CH2730,0.0,37,55.63279857048216,0.9526558226758597,2.6660670876331833,-4.700378347148789,-31.05863280344769,-30.420785951747078
38,CH2734,0.0,38,19.324609152933284,-28.208786801647225,1.276916199079219,-4.60859395980564,-30.479897297378578,-25.80741728105194
39,CH2735,0.0,39,7.673727795963232,-33.66094670847834,-4.979231756417835,-2.0870468959951785,21.694728590278242,-6.786758728412586
40,CH2747,0.0,40,23.8164398760663,-32.897793708777414,-8.037326584055428,8.992653274486738,31.53527523944958,8.900082597887668
41,CH2748,1.0,41,4.4571809633483195,28.6706888716695,16.931086150617286,0.00218709512722981,-58.18883958455722,22.89341225459662
42,CH2756,0.0,42,-42.70535639861523,-10.513089054655197,-6.402418123831033,-1.7583370372272125,29.543073552736193,4.958496805876031
43,CH2764,0.0,43,-5.3835696231605406,-18.21218907769597,-2.552994050705056,-3.535955017939334,12.640582835542194,-0.014665715305923754
44,CH2824,0.0,44,8.592467791776503,-0.4734475398048435,0.40827757102902495,-6.409903268115526,-26.16489324989825,-31.46463661559425
45,CH2829,0.0,45,50.21168642724134,-49.242077709047116,2.3546813863954483,-5.811419675059595,-31.17178410017773,-35.88682033066961
46,CH2848,0.0,46,6.138317601666634,-8.940958330459098,-4.993414866404536,-4.797720674662989,24.891733910911068,0.971029100382502
47,CH2860,0.0,47,49.558060805754664,-7.159177207600928,-6.023588566234416,-5.598839808411384,27.965378335653792,-10.948971414428932
48,CH2875,1.0,48,33.72191999387608,-24.72344658898304,-7.185664852546742,7.830991407374988,28.63010947806494,21.97481594658894
49,CH2922,0.0,49,-21.832846986963347,-38.88775072073503,0.34901366398710243,-6.908524939601477,-24.81351087510615,-19.254385131164643
50,CH2939,0.0,50,19.650810269673215,3.476694312538175,-5.163406582427476,-6.145945813569169,20.669082478153253,-4.149126828854627
51,CH3173,1.0,51,-50.84188967189067,17.018307418553537,21.597112310847454,4.470835672625222,-65.1848017766555,32.65781956194656
52,CH3177,0.0,52,-13.937846524872258,2.1184889606605886,-6.489659640686815,-5.410902392630877,27.462536557844377,-3.4357065501631965
53,CH3290,1.0,53,-22.733433121163024,-12.446013370874864,16.890972938949425,-3.655903666564436,-62.80644004825929,26.930087055583094
54,CH3325,0.0,54,7.45309104939665,-2.3330620609691897,-4.374608272192224,0.686430600013697,24.948446747461045,8.55639069314725
55,CH3462,0.0,55,-27.988844049090616,2.23252029962401,1.9873680408773373,-9.04539872059881,-32.003774061098824,-43.22785309523554
56,CH3466,0.0,56,16.959189004430506,-35.11453937129303,-5.996765127585522,-1.5367207854471436,29.881798187469645,-0.43321195562175063
57,CH3484,0.0,57,-43.956161830040564,-2.6512173112464135,-3.7442887338704773,1.5648567832485423,28.708801283860556,9.063984479993174
58,CH3549,0.0,58,11.500433849727278,-8.20622754936603,-5.210900606201074,-2.5515438266696426,23.2949945240355,0.8415992505061993
59,CH3570,1.0,59,-50.40683409293787,-26.34261628076437,-6.265708994717473,-1.926458244592009,31.52615446071957,-10.837810880982552
60,CH3613,1.0,60,1.1424630937367055,-16.369899352203518,-2.665978309792121,2.523048667711059,20.80918932869476,14.575996563754082
61,CH3648,1.0,61,2.2235331353775596,0.505440654329334,21.309393086904524,5.074470609880285,-62.759654272355974,29.61703483736975
62,CH3797,0.0,62,-104.54981249327017,19.328050789516805,2.8571370571470682,-4.474447282391638,-31.44503225610903,-26.4045306621349
63,CH3882,0.0,63,-133.34686453844202,12.89742345364942,-6.2491891750736785,-3.25000266340908,30.074990456810806,-1.9906609071150854
64,CH3906,0.0,64,-86.28793704135933,-24.538882198980115,-3.938627802273122,1.369035774470662,28.228681469642783,7.837249177088687
65,CH4035,1.0,65,-70.15707425844816,19.969764358293656,22.017983502737323,4.637456925424399,-65.4716062911318,32.77308573876896
66,CH4083,0.0,66,-59.743143937555374,-12.88275536690602,-4.865766289752566,-2.8311305575926955,23.189704370356157,-9.434076513014837
67,CH4411,1.0,67,-69.65592910773043,14.175086639280282,-5.193975358970849,1.4699023060960137,23.922411638992788,14.829368865489236
68,CH4418,0.0,68,-36.587182362039215,17.82104836166697,11.677468159673918,-0.34520133183225,-54.68837285334474,14.987848619199497
69,CH4433,1.0,69,-48.19287740852579,-3.8904212722746423,0.16138317159987636,-3.7957415453849794,-19.025568812629892,-15.122164892260813
70,CH4438,0.0,70,-13.631155359991567,-1.2278207875166527,-6.049340415425359,-2.226592440685587,30.081967614102492,-4.03556811611945
71,CH4443,1.0,71,-95.50131419737549,14.051989595825999,-8.279536852154814,8.903815849227922,31.315301447150876,13.087588034707991
72,CH4446,0.0,72,7.105396311794782,-9.287900005749302,-5.824586335191917,-3.989676600388303,28.783170380997515,-5.084567564166392
73,CH4489,0.0,73,-27.641813184223142,-24.57466273016377,1.6705301429116106,-8.65119268617895,-26.856396618334138,-36.438244826624036
74,CH4509,0.0,74,-81.2103885073791,-9.85080674222957,-6.614616135058199,-1.5700202716136733,30.86454716670099,-4.39382102559906
75,CH4520,0.0,75,-73.7188736407602,-21.0405598009234,-5.725261833400886,6.03088381491038,26.001886064314053,-0.09015052481210262
76,CH4528,0.0,76,-36.05741101213053,8.39278843335641,-4.813404683025327,-0.15516488933553596,23.187508508019956,-5.600117210082452
77,CH4548,1.0,77,-43.7537000809823,-1.5395659444227865,22.373135282793587,4.396908350602555,-64.87985667119602,31.327944934785144
78,CH4549,0.0,78,60.080859695749865,23.68830505356744,-5.124209688852434,1.8090919727153505,23.606988859499804,15.689996248199968
79,CH4560,1.0,79,-1.549194839032543,-3.4062336494501197,17.57673795140866,4.029418402251007,-56.09733857717225,14.185256809866743
81,CH4591,0.0,81,57.85024981809596,12.670682154405355,-5.8316611154242075,-0.19440715921332874,30.977143118527263,-4.879335037777075
82,CH4602,0.0,82,-69.29041208569092,-32.79528402407408,20.376307205465704,4.198381180287285,-64.35938969944111,30.64198384239939
83,CH4634,0.0,83,-87.94126859466654,24.285552198531946,4.678746126273835,-0.2884322271486628,-32.10129124332263,-25.007603280932553
84,CH4681,0.0,84,-94.96010885345764,-20.81337642433993,-6.339565914385501,-3.3011895219245666,29.57049813666354,-9.732767823854154
85,CH4684,0.0,85,-49.5633633517823,-7.996326662852596,-3.275000259059073,-5.315291372877958,-1.0915987405309018,-13.64470587888993
86,CH4703,0.0,86,20.513002862869666,-1.8832205146534662,-5.668090562517102,-2.0644497236937216,25.58813298022321,3.39007269274736
87,CH4704,0.0,87,-29.832298637053132,-29.528475952478825,-5.699605578583703,-3.702998312781652,27.143249544449706,-6.172460502578701
88,CH4733,0.0,88,-33.10714011234438,16.6131176010307,-4.814443189943094,-0.19866930052092435,21.258819793144443,13.925559025807786
89,CH4745,1.0,89,17.039748917201408,-30.58673579725744,22.215365530816175,4.6593253215686765,-64.88930745137195,31.416726030283392
90,CH4755,0.0,90,44.92013978379593,-27.597763429821022,-3.741955340274954,3.6720268948982913,27.781452683813956,5.765820961855269
91,CH4757,0.0,91,-12.737383110719476,-19.6627489194248,1.9793307453007583,-6.645276876380407,-30.80654113774156,-43.483484924172224
92,CH4766,0.0,92,27.125594298446504,-1.6755413004846285,-4.076780326779884,-3.5467593600702365,18.207345544993796,0.9241087987605141
93,CH4780,0.0,93,14.121608470036664,-8.377319571172553,-4.225502255934987,-5.517236210699,9.424618202827563,-13.436365899532781
94,CH4785,0.0,94,9.006797757069524,-25.550265477204416,-5.155579235163186,5.163803332920962,25.94714199854931,-0.9104780484965644
95,CH4840,0.0,95,-5.515011602448952,-42.68750631681813,-3.2206673540737105,-0.6113908430606596,23.932159250533086,12.702356743678415
96,CH4860,0.0,96,4.390645163236981,-29.702212558632823,-3.819720014320338,2.6765287242339504,28.280824033566265,6.95804889685072
97,CH4862,1.0,97,32.02993373813123,-4.100854446047804,1.458674454288494,-6.950322376068275,-27.992549453656235,-25.81643123968053
98,CH4877,1.0,98,34.3562102245351,-13.745564465327437,5.10667152734254,-3.063642513351562,-40.366327503548874,-8.736554099990762
99,CH4878,0.0,99,48.66456531190352,-36.074931620246225,-5.003627576239425,-3.116871297134619,26.59517657289425,-3.9377759244818122
100,CH4891,0.0,100,-28.46431003691812,-10.638382674596087,-4.163815061549535,1.7920630482611788,28.171799567714988,8.796728152120636
101,CH4914,0.0,101,-124.08574934459027,-23.21761473080588,-2.7488456816488283,1.5272873693566655,19.2241776863919,8.074015053978172
102,CH4916,0.0,102,10.686260095355404,-28.519943236253894,21.035099900597803,4.686506035136874,-64.3019147944536,30.4591001055964
103,CH4990,0.0,103,-59.74597548134788,35.082688810001244,-7.7030913234211145,9.324206181563607,28.452384869155058,21.69089752942096
104,CH4992,0.0,104,-51.04863868233905,23.595741420656513,-3.7687921263667867,2.64619852117403,-30.966251587133566,-47.15371287472154
105,CH5022,1.0,105,-8.326190497222242,-15.223444812623141,19.883597938514878,4.8894388911289575,-56.37005579772165,17.088240984931737
106,CH5052,1.0,106,8.423111937609551,12.702668298166156,17.13000255570628,2.5760302407851654,-56.42138222131136,15.116554595286502
107,CH5066,0.0,107,-15.029222412969798,14.712226717732838,-6.002858657089733,-2.0595150207730653,28.108632201873835,-5.664395367605572
108,CH5159,1.0,108,-29.15982226717434,42.27163487993644,21.54047865794007,4.325587364546866,-62.922371088373325,27.067076367589728
109,CH5174,1.0,109,-50.599254877701355,-2.6857564658973394,16.642612720842365,2.38140767795511,-57.14793472963526,13.135274881800385
110,CH5182,0.0,110,-7.5884146359970535,-16.433068565083623,-4.663116451295066,-4.818904222389058,25.272921512901494,-6.558524520550279
111,CH5193,1.0,111,34.74719119913594,28.541788685352213,22.195505365135038,4.448332673383998,-65.69125413460043,33.08802960746012
112,CH5206,0.0,112,31.98646758881809,44.82841176870734,-2.7164354251247165,-5.43101824883416,-2.393104458407951,-10.62975959628335
113,CH5262,0.0,113,51.19687457418816,-46.22415316707409,-5.5953863121467,-4.219359757796064,26.551769288411972,-1.494684138660027
114,CH5267,0.0,114,-8.051935467753195,-35.039293360857826,6.333223623141586,-0.837728773293791,-35.08304268835326,-24.82758196221701
115,CH5291,0.0,115,15.34144581481767,-30.484952925748622,-2.336184105641252,-3.214890059572121,14.302559636481856,-5.266362698289676
116,CH5334,0.0,116,-32.983025640412976,-22.505127870021802,7.17803624827067,-2.854610885525683,-39.693797052127294,-15.276936940869195
117,CH5353,0.0,117,-35.22885270637898,-4.305356055641072,-5.646511725803595,-4.085828908924871,21.614952770390676,1.358973204185716
118,CH5356,1.0,118,5.31773443571949,15.963763667934483,-4.187436464720535,1.7522973980950223,24.45920705922089,8.21054849739265
119,CH5362,0.0,119,-1.2216677588018041,-12.152235131455692,-5.186095397283844,-4.110284189477431,21.70452795954885,-0.5110217847952967
120,CH5363,0.0,120,86.7671398724524,31.501216472008498,-4.744943634535781,-4.291356578161212,26.72237340939883,-1.0399138579207161
121,CH5387,0.0,121,12.825228427207009,-23.95368971838234,-2.745818979161371,-5.575331754597987,3.5789622225010227,-21.00517410703783
123,CH5462,0.0,123,-8.463594981516579,4.44209977811757,1.7668039076159994,-7.067064238200018,-31.21598524067395,-27.165694628884562
124,CH5464,1.0,124,-31.529765530513078,-20.50161844724088,22.304654586983716,4.634695292170994,-65.89878260477442,33.06844356760879
125,CH5478,0.0,125,18.527129089819695,-6.121743084379099,-3.689609492688235,-0.3652975558008329,22.959855583198543,-2.7429724293532445
126,CH5528,0.0,126,-1.495638769811987,-26.903741746743858,2.950625376059379,-6.182484441348768,-31.3368800063403,-17.434196497425233
127,CH5531,0.0,127,-16.735906854356198,-32.47675551724353,-4.740909067819051,-2.7411278184604155,26.031168914208937,-6.807997268146117
128,CH5548,0.0,128,30.99440600125928,15.608005231655344,-5.05947207802956,-4.1647670232342335,17.633588602661927,5.9496828359025145
129,CH5550,0.0,129,37.6465760758637,-21.2728881445181,-5.215514501794074,-2.1714096281087576,23.785004970364948,-6.079329608558055
130,CH5551,1.0,130,20.09768487629098,-36.64219827530484,-3.7778340863602997,-1.1412091705638225,18.48304987854255,15.2480544298692
131,CH5591,1.0,131,45.11803043359589,37.072752350438705,3.29117459160092,-6.556641810655153,-35.7440903579032,-23.481421575802862
132,CH5596,0.0,132,-22.806711461511995,-27.42881905186629,3.146374901405192,-6.085138191641903,-29.752622990681605,-28.89832582803004
133,CH5597,0.0,133,0.6337624278827316,-34.55604955299388,-5.968805119757303,-2.934200184662023,26.98012672543501,-7.00120610658923
134,CH5621,0.0,134,-3.828726289999933,-31.46273967052795,-4.676718659332751,-3.0829011148783163,23.90189039246282,-2.0890604445339562
135,CH5638,0.0,135,-22.243843412715158,-30.58044579532587,-4.329850265273929,3.1163050336074267,22.50598520893232,9.810299751757398
136,CH5666,1.0,136,-20.446403848199417,3.4915893541740224,22.308004107382203,4.38764835680383,-63.58446639378977,27.723929912664538
137,CH5688,1.0,137,61.85582957470814,-6.155406346085422,17.304794191762873,-0.5042454258527105,-59.35833240546073,21.72149390400518
138,CH5695,1.0,138,45.00772662289301,-23.831913618252848,21.934014097673348,4.626198439173937,-63.2058523575124,27.093775331209663
139,ESP002,0.0,139,-43.67656067751152,43.53243177929296,0.9122277177237004,-7.565732158621229,-26.270044486397268,-29.352308792889243
140,ESP003,0.0,140,70.00349404612514,42.71521836478142,0.04202476087352136,-8.047056539052774,-21.038117751701733,-33.85279013489484
141,ESP004,1.0,141,-53.8850895770418,12.765301057556014,-0.03590044565626194,-7.986434068195942,-21.062754977875795,-33.85620200430105
142,ESP006,1.0,142,-18.87873335844838,8.291371063812862,-5.279393253718619,2.6978926221743915,26.589359361757534,5.413480867142084
143,ESP009,0.0,143,-24.492123090661376,7.63491591498981,-5.716442347292623,-1.6247929574757771,28.25176879765419,-6.694652674531639
144,ESP011,0.0,144,47.60296090702914,74.77243776118367,-4.177160642438504,6.837209744676208,23.02315305015698,16.16744662624069
145,ESP012,1.0,145,-23.183410002471547,14.048937035136555,-3.6328170595569302,-4.246950413623373,12.442649849130031,-3.8094267362518224
146,ESP013,1.0,146,-47.08021593488346,6.798705947530578,-4.724727483865193,-2.789910999606228,14.758369033340028,-3.738803175171867
147,ESP015,0.0,147,-34.86515355916753,20.766511085521493,1.4465560183069506,-7.812559512310101,-28.016590165200988,-34.75004532348755
148,ESP020,0.0,148,20.542674479175044,12.812821676826548,5.595328751951744,-7.172133014241126,-39.20092260702388,-19.631751726494755
149,ESP021,0.0,149,-22.5474317069193,-40.44121485308615,2.9757439703104582,-7.8139711847127495,-29.957671221928248,-46.972481870391604
150,ESP022,0.0,150,22.004336400547256,62.41844829953708,-5.494865446791929,-1.6068485877275345,29.416449426441705,-3.1931990005640714
151,ESP023,0.0,151,-16.319345769338245,-16.163771549517868,-3.867338117534138,-4.01097544279915,17.495975423775807,-0.8574583061303045
152,ESP024,0.0,152,-18.84557565198357,-8.101362739706254,-5.144968600732119,0.02295331640307907,23.39014631677927,13.089436491181416
153,ESP025,1.0,153,12.230851134762739,-2.7151455992906204,-5.6230485939639525,-1.9053015610780406,28.163191424698194,-6.338416527670979
154,ESP027,0.0,154,-5.822227798459885,-26.736479052340737,-5.254524809740393,-2.068371372402499,23.9288458228144,-7.415635851901044
155,ESP028,0.0,155,4.333949489007175,-36.984340878747766,2.907546885850646,-6.251382648315934,-30.484816464216976,-28.699037404302302
156,ESP029,0.0,156,-11.825968002337929,50.22115733630165,-6.004564831798337,-3.4476607812654283,27.841563242347615,-8.382578855636247
157,ESP031,0.0,157,7.119599569711742,23.094105768904246,1.137261692322338,-0.22141600109542026,-7.023458063587388,-4.667469735025314
158,ESP032,0.0,158,-34.63994120275537,27.16146363825917,-2.1142690345547184,-3.8559384745588794,9.471159991716728,-12.077823475349284
159,ESP033,0.0,159,-14.184293080687805,7.169078092809593,1.9449822506045316,-7.836382443362898,-28.058877166923143,-34.74884195554891
160,ESP034,0.0,160,-5.592920931121644,-9.105115275563046,-2.378142127075349,-5.186127471151067,-3.213877001647379,-11.823427517813862
161,ESP035,0.0,161,-8.894519614965,-9.976369956475681,-5.71610325415237,-5.2942243395575215,21.48697985749239,-3.813402099080413
162,ESP036,0.0,162,-4.45607702837559,-10.82772858279136,-4.8959092476397945,-3.072279441116491,26.676699436317566,-8.423593388627914
163,ESP037,0.0,163,-26.070847758441246,-4.234432199268494,2.210708390860722,-5.901327037047649,-30.383270653474202,-31.032305636056783
164,ESP038,0.0,164,120.08738265794337,23.28527340185345,-5.130796006855858,-3.772742961672355,21.81192868946086,2.932009090609121
165,ESP039,0.0,165,112.03321595433039,66.073745182662,-2.8651786606978673,-4.023503778450979,0.8130825288045607,-8.915385463593594
167,ESP043,1.0,167,79.76641552949481,74.45381479985568,-4.18338159518855,19.50459748345175,26.289855140244523,12.355734186988307
168,ESP044,0.0,168,37.4407721344906,43.406754427486376,-5.841184985616816,-2.2176742943766827,26.789740111387918,-2.372905590865436
169,ESP046,0.0,169,-4.305723952932928,-10.181686379419382,-0.43105063594189597,-7.260488286361964,-24.019193755161247,-32.83671394837216
170,ESP047,1.0,170,54.531356510826576,59.5032424606686,-5.192425281439521,21.95675555649429,26.097367519852515,11.870133080312783
171,ESP050,0.0,171,10.661146155592734,-28.868146955905804,1.439236098772035,-7.33325217356573,-28.448146136075437,-34.18509024083646
172,ESP053,1.0,172,-28.00611133692777,37.71054735993872,15.953720037253866,-3.0702083735058725,-57.63659992354084,11.644053771544229
173,ESP055,0.0,173,-1.5721089785903644,-25.758716261355833,-3.926982055225321,1.1433092482184009,25.434512111731127,5.393259894642874
174,ESP057,0.0,174,1.3001894909617027,-33.778452965325855,-6.698431838172025,-2.6225827567911404,27.82270611632622,-5.116704327384703
175,ESP058,0.0,175,2.5294911530077875,-23.016237380013248,-6.538558532996721,-3.175565568865659,30.512561369583704,-8.027545847315928
176,ESP059,0.0,176,-8.590175543585548,-32.324723998716344,-6.687954413813714,-2.5311702477129767,28.07256640257663,-5.322842701053823
177,ESP060,1.0,177,-27.878667529115514,-10.751403777344086,-4.996255002657953,4.972249757853447,22.331625777025007,17.358663944779018
178,ESP061,1.0,178,38.4180783810317,61.323145627722745,-4.251501507093841,22.126099401349112,25.377814247258247,11.471373825724896
179,ESP063,1.0,179,5.593231727994909,-11.337846819356004,-4.744708817559017,22.901093978778555,25.86381896826433,11.765489523512379
180,ESP064,1.0,180,-8.338254712680602,-34.86415300442159,-4.169916239074071,5.768937762882146,18.84326789919066,27.011500864110793
181,ESP066,0.0,181,-74.2895329051461,30.36744046889978,-4.084225335934002,21.97667684888772,25.759524957485564,12.162802911324697
182,ESP067,0.0,182,-116.88976072168732,-1.8914186833547586,-6.372130322001866,-2.378548042096927,25.58428875380397,-4.8053544357814815
183,ESP068,1.0,183,-130.08714834005087,47.09869490311308,17.81434067742273,0.3890042745480926,-59.752872931388886,21.727108653347777
184,ESP069,1.0,184,-110.5124802486299,33.7605559758775,-4.346419866954384,6.100966032909884,19.08437097397776,26.289328348703457
185,ESP070,0.0,185,-78.34608547113231,0.12237962387618626,6.60080028713277,-0.14587231116461297,-34.511497525210885,-26.11890617611808
187,ESP072,0.0,187,-92.93729107853486,12.162341077038333,-5.370517139552857,-5.849119906599544,23.46941377461952,-7.596946074071617
188,ESP073,0.0,188,-94.13837574024109,-6.516215130904791,-5.38140902269717,-5.743971949992821,24.49170859166004,-9.387425956665794
189,ESP074,1.0,189,-99.78446689152197,0.15387021954314914,-4.442783331415769,22.39634622362951,25.85981079294589,10.917610029017176
190,ESP075,0.0,190,-51.72958775747585,-13.041890273053761,0.9876075154533497,-8.753166519831934,-30.376121037708337,-23.852788266394857
191,ESP076,0.0,191,-35.52776710680533,31.4918147904728,0.9800294753360042,-8.942211544923694,-29.882719449931678,-24.64988028138821
192,ESP077,1.0,192,3.0978850768824855,-6.557087174603556,-2.0662847757903746,-5.61249750648333,-17.92818384914883,-21.855898173434817
193,ESP078,1.0,193,-16.840181602213043,26.301715384586174,-4.265986173280884,5.836958740132726,18.80294841978093,24.20046443089425
194,ESP079,1.0,194,-47.49455327696273,20.473025551228893,-4.517861906698339,22.73003557993466,25.946322657844792,12.239943235967495
195,ESP081,0.0,195,-72.18952015226498,17.13105355210953,-4.644404361333005,-0.3935133829222899,24.958340465549657,1.7858602636419718
196,ESP082,1.0,196,-70.53191536899013,26.164460389459315,-4.5171800922857335,22.910380679171112,26.029789455585917,11.1620018831184
197,ESP083,1.0,197,-47.865702057563226,20.694244215723998,-4.5885546614835935,22.642334475681896,26.191477543483973,12.124452917091986
198,ESP084,1.0,198,-66.77415714857132,25.72972332319991,-4.321402590489509,5.931588587042624,18.47961577863087,27.350210049202367
199,ESP088,1.0,199,-53.30167461904533,17.279467535568497,-4.7167975981014765,22.336789290336455,25.773625000915796,10.730353717051422
200,ESP091,0.0,200,-30.242102403003937,19.853342755043574,17.682947189390088,-0.07145574055981996,-59.15463897911857,20.167367393182978
201,F1659,0.0,201,53.44432552290374,41.79168438067773,3.4726751513511873,-0.8813623545759466,-31.64649411160018,-27.313334621597562
202,F1688,0.0,202,15.287217368057844,-10.615446951672126,-5.887595245319236,-5.180496282380892,26.923084924242414,-9.721104784553752
203,F1689,0.0,203,-5.055350303836938,-36.695964516160196,-5.902689132037827,-5.368912916018207,26.783226656539792,-9.518219753963315
204,F1697,1.0,204,-2.3228871465706513,27.12402999770208,20.825734458664506,3.120218193628716,-62.74903384992189,27.659048380863048
205,F1706,0.0,205,-23.41561223890783,-17.757079944698546,-7.852692724379692,-3.36099576387436,32.68437668098434,-10.483043946035089
206,F1712,1.0,206,-27.766994751179123,-5.303676388859258,-4.36966191973231,21.31968157471589,26.322603561758857,12.421486525374895
207,F1724,1.0,207,-23.174349781497064,13.121444340299032,21.143376577831138,3.2415253484412876,-63.95469460524393,29.639994541933255
208,F1727,0.0,208,44.79746021152724,7.576149528937181,-5.4144201998262105,-3.408304438037785,27.264466909511473,-7.704207804778427
209,F1741,1.0,209,-28.885827069897854,23.074831162952574,20.711926820778444,3.2520777008096626,-64.33899130698862,30.755886153833266
210,F1745,1.0,210,-38.46600182550661,6.27881034736261,-3.5898535749454217,19.94604005428626,26.25353771321677,10.153598963074913
211,F1746,1.0,211,-58.19860712570441,42.92895109228937,20.871481294694227,3.0574223742250144,-63.812059590867094,29.759674301689607
212,F1747,1.0,212,62.6806866944584,30.1754576779747,21.321482187535615,3.2560992761814536,-63.930350503307636,29.55334359870394
213,F1748,0.0,213,42.55444049445712,11.865274743180171,-7.9533957882046,-3.3311850258634506,32.681780422651656,-10.216932603030315
214,F1752,1.0,214,35.55148148718826,1.6722436125077615,-3.6721495568700036,-2.0138333536584154,13.67212622112795,23.259537253688485
215,F1754,1.0,215,10.81061273064526,39.419908555209986,5.305898573851229,-6.937041124835565,-40.08921932347868,-15.778679715876223
216,F1757,0.0,216,-68.9857178789551,20.159063670776263,-3.865850583352885,-2.056660674433857,19.30234875187252,15.818672051775742
217,F1758,0.0,217,99.20433089104137,46.02059056780614,-5.832937914479157,0.8695885024628591,24.696958312458346,7.267111558858723
218,F1759,0.0,218,-31.07997474459602,-38.24811628510272,-4.945851780345555,-4.930590916725183,23.717006240731923,-10.15027765625809
219,F1760,1.0,219,24.258143798837978,19.877801599416856,-3.7827402059221162,-1.923642006331912,13.907593219571698,23.04423832013793
220,F1763,1.0,220,34.300647783188886,-0.02463717168833294,-3.0196454323409303,-2.8537968266402958,17.010158408141766,14.972356512121443
221,F1764,0.0,221,1.2201661824321257,-3.935256939851557,-4.2453353155955815,-4.031716242819419,21.49950008881574,0.35767641954890195
222,F1775,0.0,222,-16.121785185344432,-15.800376932332139,-5.340999541343599,-3.5285808022011143,26.406075780539286,-1.735612037195132
223,F1787,1.0,223,17.225397509585548,-5.2906548641254725,-7.013031056608311,-3.560671250438342,30.64440497159975,-11.066193946547855
224,F1789,1.0,224,-12.219786399443826,33.00286584667618,-3.621741914567866,-2.0860618236847523,14.390998964450564,18.108775307296575
225,F1795,1.0,225,-22.2254942717428,23.010938693723226,20.95762293624994,2.967805530750775,-60.2489000540316,22.39671551991227
226,F1796,1.0,226,-27.279109557689054,-0.7050530795376391,-3.982957105479376,21.214284842421396,26.460148843078183,11.499059589166947
227,F1798,1.0,227,-39.084045578316434,4.364351366804581,-4.107574769159424,21.209492107466872,26.405399769221678,11.425724139840916
228,F1800,0.0,228,-54.48444513562878,22.643357678861555,-5.680154899851534,2.1536393858539515,22.354548493311892,15.022718157219373
229,F1801,0.0,229,-64.75309969931196,15.314033521258864,4.070883052091682,-1.5228258815602844,-32.877451544591224,-23.77270148926086
230,F1810,1.0,230,5.4732707606345485,31.842737322820643,21.326323188025313,3.075814915192444,-63.99965195217574,29.824436116595173
231,F1812,1.0,231,-76.6388134055996,24.053938595596986,-3.8814202989421025,-2.1535596471434495,13.895146125382514,21.80076895241283
232,F1821,1.0,232,-51.606325355793935,23.901749106257565,-3.7914401920792598,-1.9938023393332935,13.492107164683905,22.70306018876972
233,F1823,0.0,233,-0.12576474168422594,29.409725699250888,-8.90057743377303,5.319140948545147,29.50091690981412,17.59807068551114
234,F1853,1.0,234,10.363234599057115,14.260719473838892,16.31559084619589,-1.773562618456559,-61.90000752051882,25.694535308600287
235,F1862,0.0,235,-12.980418720105462,-5.457179972656505,0.9985482019463643,-1.7162771168734974,-24.901741613520006,-29.358840669263053
236,F1864,1.0,236,-63.96141681380102,-18.962858131603475,21.096070551211298,3.2250003318274754,-64.10414693276932,29.735740846046944
237,F1869,1.0,237,86.40547094892038,-13.057215383160129,18.935011164716414,1.4329832933997473,-63.30946993833993,29.283506312583135
238,F1880,0.0,238,49.409833629413946,-23.008293955940047,-6.149102587212959,5.880609412450092,29.393149764376158,8.803231227266267
239,F1883,0.0,239,31.882630411122495,-29.895259878253885,-6.020016621355814,5.820917653247619,28.915025128310884,7.939175640480329
240,F1894,0.0,240,-3.2251471644441363,-31.542008549455595,-5.657371061450195,-2.0277442242083135,22.890997966708692,7.322487465596382
241,F1957,0.0,241,71.34195382435053,22.287926836077215,4.0962044493551595,-1.5396010307435883,-32.9997909532725,-25.35928084984708
242,F1968,0.0,242,29.609615992881004,-39.75236055470555,-4.527459133069606,-3.29129701866869,27.475243654476127,-10.078126233382996
243,F1979,1.0,243,0.29052462415504066,10.515845005701284,19.590237328306724,2.0787370224631747,-63.061707195787676,28.572228099470145
244,F1983,1.0,244,37.56515700918522,-1.1751415859201455,19.462076609192245,1.9104252520674638,-63.12241235436319,28.86667483442468
245,F1997,0.0,245,-2.4803623755571995,-2.2515337311663974,-6.362818622307175,-2.673213451622863,23.66704099962188,5.071170594703183
246,F2000,1.0,246,-33.18020488797258,28.629427750753486,20.665141725215616,3.129550200501628,-63.96698447417923,29.495410349232237
247,F2003,0.0,247,47.183746356894034,-14.376925084080316,1.4914224341832834,-9.692407730203918,-29.909512194577328,-47.75291504408029
248,F2005,0.0,248,25.725447652441446,3.019392687704758,-6.306349122567483,-2.8743363933278445,24.427456210702754,-1.1310501981758208
249,F2006,0.0,249,-54.06022336954491,2.377591495265324,-8.411194737735578,10.90203540219187,28.129627366728908,23.321796027533573
250,F2010,0.0,250,36.81457607203176,9.993606753763347,-7.166204046990295,-2.85350240355218,27.57312716953395,3.0537911144395338
251,F2017,0.0,251,36.30266108141078,-33.33733261802699,-8.394337590845186,10.27541065881653,28.224683377002965,21.37008532977199
252,F2020,0.0,252,-9.41805273718683,-11.011249169072897,1.3928782332955334,-9.605648720541273,-29.84970096019844,-47.97635061455106
253,F2029,0.0,253,-8.317964049199137,6.537623658759607,-5.122733648509548,-0.37960974664700053,27.129265516258254,-1.3426016288221732
254,F2030,1.0,254,41.97964304477951,11.952008134356308,20.080104691534608,2.1454100767416406,-64.11684386572679,29.391158626609517
255,F2034,0.0,255,30.617811258183007,-23.260198557103738,-5.990453712736143,5.813513138760349,29.224354283342148,9.294648419685252
256,F2035,0.0,256,84.76869003234333,6.7496236207963465,-8.404245501879256,10.272783910425044,28.36689311557919,22.356995519684197
257,F2040,1.0,257,11.479557980936624,4.595517287836738,21.175268831221594,3.172915120185726,-64.19228837809,30.314687096974474
258,F2044,0.0,258,32.187162734937345,-28.127074231635667,2.4364717470775705,-4.10995831402387,-30.111111091012987,-19.37992086367698
259,F2045,1.0,259,67.13623069990528,62.07218172789893,5.317647313586509,-6.658610756862877,-39.99775005763651,-18.00718807170823
260,F2054,1.0,260,-24.410344840423527,9.366583080621929,-3.6928548599719733,-2.0785789630414575,14.120430513761892,22.31265081784266
261,F2055,1.0,261,-8.818682561527567,8.754532297555278,-4.330034115573303,20.910067110293777,26.235800603866554,11.64976733520043
262,F2056,1.0,262,-3.3088775500129537,10.629759160944594,21.412715689014213,3.0942628576199454,-63.860154952211616,29.057004541339886
263,F2059,1.0,263,-30.126527317344813,10.939847365145134,-4.175592818143218,20.830162980201575,26.511333325984065,11.574531077028524
264,F2064,1.0,264,-37.641983532132514,26.083843376870263,20.936764375287957,3.3109758724151845,-63.30219006463429,28.46343178937034
265,F2065,0.0,265,36.86891645218202,27.500856763728578,-7.6089563572425565,-3.3341197900579296,31.811843142704067,-10.535109635986174
266,F2073,1.0,266,-2.6920813511551716,-2.004361097802916,4.299452453195599,-5.324682858244142,-35.91111093047708,-22.061662212367143
267,F2075,0.0,267,-39.50061162432497,-10.542574692706374,-5.942453348133848,-2.618865033354318,29.337335065245863,-4.423791537037474
268,F2081,0.0,268,-9.275353946025545,-18.612047169633456,-8.130988725288896,-2.4313923622620903,32.69018347781602,-11.258632030433255
269,F2084,0.0,269,-48.57832882074414,-12.482245505055156,-7.97868979099245,-2.501590375284832,32.6771546132361,-11.147048240999638
270,F2093,0.0,270,-37.319481390769155,40.75917868478945,-7.719420409877804,-3.23413162675582,31.47447186154336,-10.506451152951357
271,F2097,1.0,271,-17.789375634634908,-23.521565683268424,21.02545380770535,3.3214844441286573,-64.09505780957133,30.687498927606875
272,F2098,1.0,272,-30.33807287077737,15.695107569764437,-2.5763511171106224,0.6055628308618726,17.908186966736505,10.42364014613603
274,F2128,0.0,274,11.597994333015391,1.0894860833057796,-8.07599480576843,-2.32519073892174,32.355932963742575,-11.40818813144088
275,F2137,0.0,275,96.69152885480402,57.912360789162946,-8.333306276654689,10.265890002205985,27.87137290785719,21.20164271985393
276,F2148,0.0,276,-20.930265324677194,13.394689124173322,-8.339537957216681,10.301198049526505,28.267520359802152,22.17652449978646
277,F2165,0.0,277,106.90467534252261,64.11915275400712,-8.329732960188972,10.278840751037727,28.125755258829567,21.68076144606939
278,F2166,0.0,278,-4.366188583288412,-7.5916720667997275,-8.291265207957741,10.256484119150752,28.18218651425771,22.528594484174327
279,F2167,1.0,279,14.391300596880372,22.03655131371171,20.660732452839042,3.160154509838156,-63.9855964697808,30.029944477527486
280,F2172,0.0,280,-39.48899031985875,-7.242024926739903,-6.332063323281967,-2.211563001862131,24.96610090780352,-5.263518140003541
281,F2176,1.0,281,-47.733317408986025,28.601875518122903,-3.5810657603780935,-1.118910607497643,15.831785738015544,20.440031931177096
282,F2199,1.0,282,-16.49307157101553,34.4207636130556,-4.071086493786062,20.765722438472583,26.493769901915893,10.08863030151791
283,F2205,0.0,283,-45.10901467660065,27.72739793282776,-7.547921686210598,-3.767203992521666,31.96365261398127,-10.755196779432104
284,F2208,1.0,284,-32.82841823048763,39.027560775433564,19.04931726458709,2.871044690108434,-62.82964443804876,28.659034435125086
285,F2230,0.0,285,98.72207271092141,64.7306150664965,-7.353946123246073,-3.1548992078251663,27.913645398772122,1.732640102494699
286,F2234,0.0,286,49.080550360653135,24.377154304102415,-8.23652108768347,10.33585344358302,28.01718754559052,21.770708531577405
287,F2235,1.0,287,-15.613973960522832,-2.801560595655765,-3.6135699757722453,18.281522384265596,25.67232200028553,9.656627080365674
288,F2236,0.0,288,26.72407584172758,36.33580021030601,-4.152943306258531,-3.6140755854497693,24.38863288977399,-2.0820684059745673
289,F2240,1.0,289,50.01056250107051,20.80141844800549,-4.091625886521642,20.639688023010233,26.444610974953743,10.168648616388438
290,M70563004,0.0,290,33.39219718619274,42.91096928294078,-4.294915189134403,2.2057470355660147,21.53055894980459,9.559474176960165
291,M70564993,0.0,291,-15.556075602301327,3.067894651109562,1.7924176749581588,-8.014953953881077,-30.966449881345543,-23.137834677204296
292,M70565254,0.0,292,-65.2211584381503,20.262884079664058,-7.364571480484062,-1.7437425815278687,27.81384675059719,1.0460478754593012
293,M70565897,0.0,293,3.114706864414538,-5.311582467060936,-4.1056463486789845,-0.004654888376968813,27.545488890097413,2.201605545652434
294,M70604538,0.0,294,18.346112056464218,60.35623438002,-7.9680620731888,8.749329135907594,30.845471030657027,15.895166989806306
295,M70608424,0.0,295,-89.93551425368526,65.28074364392401,-7.95477732897011,8.85495775120421,30.745731476520046,16.04445662735528
296,M70635118,1.0,296,-24.92735484918398,18.525369279115537,14.99729145390496,-3.232249021533951,-60.76471701208246,23.282356088161826
297,M70638412,1.0,297,-4.853719224324185,28.292530396547374,16.73839499082303,-2.4866498546847113,-61.05369058366901,22.770866034181545
298,M70639645,0.0,298,80.21667603555015,-44.30144471767471,-5.253189422871305,-5.082115395296288,22.492636976413525,-0.5615267108238626
299,M70640096,0.0,299,20.167490764623757,8.534255738669964,-5.177825846153687,1.9782619606138958,21.772349098299525,17.096520163879354
300,M70641593,0.0,300,-0.05631299410752576,-15.172797477699351,-7.682878805949187,9.641312887966976,28.445366811786425,19.846147657462673
301,M70646050,0.0,301,129.36710454637145,41.49217899281124,-6.327878113765708,-2.87848719252999,24.617487304157326,2.9930097855011653
302,M70646077,0.0,302,63.74318950657362,9.447890369725306,-4.1179099839045294,1.9113572287517648,23.106515165095242,5.30968701753244
303,M70647319,0.0,303,54.32352557589253,20.11295244038522,-5.973700189752528,-3.233216869913888,27.416644356042443,-3.205945412154975
304,M70649365,0.0,304,4.527478620546657,-9.982386132644885,-7.020595821963943,8.199970047904003,27.96417825619812,19.912645556483987
305,M70652746,0.0,305,-26.42728009823148,24.121127935479606,-6.508048235729255,-4.78128105141859,25.621145079178792,-0.7704956334366173
306,M70656672,0.0,306,-25.784585849599566,-10.839877699888957,-8.988075755005193,9.119135897213763,30.208974448249304,10.387817888458407
307,M70663247,0.0,307,-22.158187180205815,18.74236102524249,4.755632125520773,-3.3035389071158168,-32.53458130105131,-21.751396673516254
308,MHH0147,0.0,308,-58.031177307810715,37.59447034057977,-4.449171175513908,-4.055927647526498,19.656203871527456,-0.5391035752432316
309,MHH0426,0.0,309,-67.1701657225019,0.5699240100083928,-2.9891633033535427,2.9816728004058657,18.087520094565757,19.179914791246794
310,MHH0927,0.0,310,-58.947147990602005,23.12316662693881,-5.45556044960789,-3.9697737937255546,25.96842695474371,-5.279623837667778
312,MHH14911,0.0,312,1.0693870770766645,-17.74896151343431,4.81667524247388,-3.5634501016860725,-39.75688913668215,-14.131930540459912
313,MHH14929,0.0,313,32.1908125644943,-9.538148133644896,-5.738929322765462,-0.6848814406821537,23.380941506313167,9.216298356571606
314,MHH14990,0.0,314,-16.31140217823657,18.98900678227332,-6.166494329386903,-4.941164037676618,27.36741808031466,-9.754736980106685
315,MHH15015,0.0,315,-52.16218289027328,53.59178111627028,-5.6139255985203995,4.181074613993401,24.142939243365948,7.9458591732908275
316,MHH15083,1.0,316,26.57133969798471,-10.842726910010464,-4.7057139843670654,19.600559360587788,26.08525458609358,10.957269293942112
317,MHH15103,0.0,317,18.937480350063392,-28.441464714986452,4.841877323205535,-3.658694441778507,-38.99364954384147,-15.965489198043283
318,MHH15151,0.0,318,11.694215544172321,-38.18164144914372,-5.711896674514616,-5.831848309831157,27.173097946722546,-9.13004335758184
319,MHH15187,0.0,319,-13.720948391630987,-37.23338599698947,-5.490393156630597,1.5727241429020857,24.1442553089127,18.5810081426499
320,MHH15204,0.0,320,18.000802746552655,12.550676008056096,2.790508892866022,-8.64378538287206,-30.880901709647855,-46.861339728824184
321,MHH1525,1.0,321,32.85818164939839,2.368306311625532,5.187052724172662,-6.790902455043021,-40.96368318026729,-15.23151755478617
322,MHH15275,1.0,322,-0.6917695484683595,-29.54361097780632,-4.586738723824398,19.476880660690917,26.246733646069426,10.146471030494006
323,MHH15280,0.0,323,42.16769079907114,-26.91908025304425,-5.504464026142197,-0.6930675801801272,24.059193446251367,-4.194723900349992
324,MHH15817,0.0,324,12.278141048495689,-15.065826752864345,-4.9503279142927274,2.4611305277871907,19.238565783659336,19.81638480736826
325,MHH16050,0.0,325,26.55102077285673,-20.332444097630823,-4.81722921456036,-4.344001376981258,23.70661064525986,-1.3856716614167581
326,MHH16208,0.0,326,-6.234363906173941,-12.152929476983179,-3.796103812285441,-0.2795737719589315,23.120463840703966,-2.4714314992951003
327,MHH16371,0.0,327,45.63113116582182,-17.10227670731904,-5.6695353212789925,-4.390089294448243,25.74282239673475,-6.771245959350246
328,MHH16379,0.0,328,12.117932043384268,-18.67744227919872,-5.574975571138107,-2.59720484688021,27.28497355846267,-4.451650172365092
329,MHH16427,0.0,329,-26.303003945835044,-13.263308751774023,-3.786047346561598,-0.20744595788589137,23.080184153015548,-2.5095678465446483
330,MHH16459,0.0,330,34.935589778312696,-5.325262557133989,-7.387179884278941,-1.4412104177015896,30.095063265413398,-5.034196925150205
331,MHH16513,0.0,331,36.312792459902866,-8.919755937218413,-5.586472581522881,-2.5457965407329377,28.560158999512712,-2.8999241102747106
332,MHH16530,0.0,332,43.46256780270519,-6.906509451106044,4.926617699396804,-0.7646062298580514,-32.75549564508903,-25.530281808541105
333,MHH16563,0.0,333,-23.24649176320221,16.62682878702059,4.95319126342175,-0.8272828890348558,-32.51958129766116,-25.651776486687538
334,MHH16610,0.0,334,-12.143989697348381,-27.314152063235635,-5.602321524495239,-2.387566264582505,28.576722401846848,-2.910954295812637
335,MHH16727,0.0,335,-7.081806148703853,-10.74350228271776,4.86612785712159,-3.4809886847950615,-39.40889073062738,-15.118294067100535
336,MHH16798,0.0,336,21.39840419795581,-8.308044817434707,-5.614037665433821,-2.461080161340985,26.97021292763304,-4.384536087715908
338,MHH17233,1.0,338,3.034099676847348,20.641332739179507,16.325471880363676,-4.114109066591926,-57.16428894559026,11.646076862080399
339,MHH17247,0.0,339,16.115512784577813,2.698002844163684,-4.361867545846215,1.1542162237473512,19.770593843819295,5.499003803102077
340,MHH17441,1.0,340,-8.126686062403909,-0.5977649036400042,16.746784007009143,-0.830754904317728,-57.08268238442547,11.676181760159487
341,MHH17501,0.0,341,3.4237868477422695,11.265199378043402,-5.622109978933731,-4.329824532317311,24.390562851782132,-7.687338211136158
342,MHH17546,1.0,342,39.75571497814333,-25.035297203862097,-5.233183552089167,-1.9487385576211622,24.24631289829865,0.9641070681408195
343,MHH17767,1.0,343,-0.38549468077326016,10.146341046102728,-5.217076259058875,-3.9663970324591213,25.791090905098823,-9.714224405851112
344,MHH17783,0.0,344,11.713272361345622,12.886204793434816,-5.532746584690311,-3.3021030270113085,24.182930057218893,2.0283732924280855
345,MHH1883,0.0,345,-29.593075728622612,30.138003145764827,2.7184667566515195,-8.615171983762686,-31.130214343223233,-46.97301648762096
346,MHH2419,0.0,346,33.797066142468566,27.350515630894478,-3.6334282579615893,0.07220012349218408,22.81781326510662,1.846290258230617
347,MS1,0.0,347,-77.38766202845848,-10.357129859648495,-8.276425452532719,6.627037372095916,31.479106673407987,9.73938339568717
348,MS2,0.0,348,-9.225288985259947,65.81939063932126,-6.355066761608622,-3.8229946962512438,24.92489741719449,-0.360168039486382
349,MS5,0.0,349,-113.1163921548298,26.678227281491147,-6.295011437694026,-4.223570147599957,25.405689243432608,-0.911553095073458
350,PSAE1401,0.0,350,47.13935577429768,-38.14677673458853,-6.05122350413868,-1.8052007406548745,22.821764042228057,-6.95059206786275
351,PSAE1438,0.0,351,34.86151515994414,-39.581598347180666,-6.058288072667091,-1.7862636582713698,22.657207895818797,-6.9344654357516475
352,PSAE1439,0.0,352,-14.676619535302853,-28.093324964813604,-6.154420492174779,-1.7145509518932665,23.139001007661772,-6.573643465637751
353,PSAE1630,0.0,353,37.87887039941607,2.289369134843122,-5.398834164448531,2.909591263204831,27.608088577881734,1.429484607932082
354,PSAE1635,0.0,354,89.39557580209606,-18.691727622323707,0.8149495776440079,-4.226419492647969,-27.642554677567865,-28.216150642725715
355,PSAE1641,0.0,355,3.042112465465376,-20.109315153900706,1.7083923616636645,-4.46313336253734,-28.219312961046526,-30.89792683463572
356,PSAE1642,0.0,356,26.23590197853329,-5.681857836237087,0.8720910558625949,-4.052924526848619,-27.536921979492455,-28.50904506088099
357,PSAE1645,0.0,357,-24.10842182175294,-27.14372167010323,1.693479856151358,-4.486506046433548,-28.207064216516983,-30.904762729549105
358,PSAE1647,0.0,358,16.70160942541995,8.837589896536821,0.8062289361201322,-4.111275808200663,-27.149055183022806,-28.35325454919438
359,PSAE1649,0.0,359,-15.313991283093273,-3.671224927091593,0.8066490782921567,-4.071159579720374,-27.08858198786152,-28.16687827705878
360,PSAE1651,0.0,360,-21.58596214695063,-6.864852018673476,0.7893107923839511,-4.101376497799614,-27.362591451250495,-28.37144174035013
361,PSAE1654,0.0,361,-48.45134812916181,0.7453121433665264,0.8925497825325481,-4.233735506316508,-27.11908234670647,-28.083223879314392
362,PSAE1656,0.0,362,12.173628226992975,-21.152435224925615,0.7392015156522589,-4.131803402817274,-27.375055435833634,-28.53721102533847
363,PSAE1742,0.0,363,54.275837514107465,-39.01436597800033,-5.911186618641675,1.6562661609022502,24.957490174593406,6.162561072802056
364,PSAE1745,1.0,364,60.15023991514085,-7.781804641892823,-2.590670938068249,1.9047415822090414,20.235085782900686,10.365008191623517
365,PSAE1837,0.0,365,-31.80768064711622,-6.381434652782346,0.8073692591134012,-4.220958166445324,-27.383209345386256,-28.84409478815844
366,PSAE1872,0.0,366,-29.019354521670714,-1.1150649426104224,-5.087292414427443,0.8888473258055551,27.421128514359868,0.16376793518311672
367,PSAE1903,0.0,367,-42.68706568748284,-27.211101220903526,-3.3629258869460417,2.0835807235149133,26.92974435498225,5.404528913676607
368,PSAE1912,0.0,368,-14.504199025339735,-10.113781217356156,-4.596207537463085,-1.168303089460399,25.36365936974863,-3.0487961588379875
369,PSAE1934,0.0,369,-15.615443644621694,-18.054373554008823,-5.722435507534954,2.358294560023227,23.452672585546534,11.86933635727948
370,PSAE1970,0.0,370,48.20176278750733,-20.519474018458155,-6.381991814709983,5.575213290595082,27.201188496673357,9.966653883683385
371,PSAE1975,0.0,371,1.532895275013438,-9.026918142814166,-7.72318716467902,8.472302233231254,31.65010448419881,5.612141856585318
372,PSAE1984,0.0,372,-43.40760275275643,-15.008234525764601,-6.180693117667656,3.48094466486498,23.30401349976996,8.448372439755701
373,PSAE2125,0.0,373,-11.64359790145206,-4.571734414064452,-7.790200876084644,8.580292068887253,31.60953162035055,5.231704743845931
374,PSAE2126,0.0,374,60.219907327221264,-16.801433882128265,-3.7045742260800916,-4.976654862615186,14.307630954132971,-2.215515036123321
375,PSAE2127,1.0,375,32.4801749668471,45.69154756368307,16.494431234371756,-0.7824694191838555,-53.92349901922837,7.166140038763295
376,PSAE2139,1.0,376,59.52444425530177,22.017686650020025,14.32140636880573,1.0020125454592375,-56.14759586686879,16.461549961164913
377,PSAE2325,0.0,377,40.09379298666343,-31.932146043703156,-3.6955033088513964,-4.943511284209299,14.158753980968665,-1.6403966309115816
378,Vb20477,1.0,378,-39.15666040997959,-10.060382884737152,16.82607706661326,-1.0126826285322448,-61.31251431658752,23.740853764228554
379,Vb3320,0.0,379,36.388034617666186,8.336539444013523,0.7969000546734881,-9.006419906955536,-28.343262262607684,-26.825154222361945
380,ZG02420619,0.0,380,-9.314364533693414,-18.799622282922762,-5.696413880497384,-0.9195752849551644,28.43096798514026,-9.059778316387835
381,ZG02488718,0.0,381,-14.971770932830857,-21.048133880989923,2.137552346554945,-8.592067463153228,-31.099541067342223,-47.4486389976536
382,ZG02512057,0.0,382,12.823409389121446,-17.22807173124158,1.8367704590829448,-9.843731796581785,-31.132123484324595,-47.45090248033249
383,ZG205565,0.0,383,12.160646719075007,-36.10711668512099,-7.284188640297886,-2.9872474277263805,27.634844998270292,-6.148266317556761
384,ZG205694,0.0,384,11.850365280522771,-32.45757171790468,-5.391736906863772,1.556082429416282,27.292720911393605,0.002199854034486748
385,ZG205710,0.0,385,94.09054285977068,58.20494672786555,-7.097682178912891,-3.581914828047994,26.930208566788142,-11.059602545979246
386,ZG205864,1.0,386,-15.232568577168989,26.601965601387775,-3.5157919887742857,2.0451568064094516,20.98555902012546,9.071408728378856
387,ZG301975,0.0,387,16.884697138699263,2.6449420419031893,1.6497002117205366,-0.38327964482483345,-24.75520779167516,-28.970650207634414
388,ZG302359,0.0,388,-17.06306635452953,-10.861648444169862,-6.110927881320568,-0.8868419049561211,27.95403692354702,-0.462168101405652
389,ZG302367,0.0,389,-1.3138899353487048,-20.26437557013483,-6.0759057486768935,-4.345254547211686,25.709727105332835,-1.6722651606599186
390,ZG302368,0.0,390,47.073720679628266,2.2540316872812496,-4.735186766903646,0.5472764517914666,23.265913992511823,7.450455005074758
391,ZG302370,0.0,391,18.030956510282824,15.722655917804094,-5.316543513301523,1.641896777173601,27.526015527554815,-0.32034022969994425
392,ZG302383,0.0,392,1.7671030706552169,-6.147506914293124,1.8456816569821977,-7.5347626914311645,-32.401946192648886,-23.77656980499087
393,ZG302431,0.0,393,-48.29208315720196,-5.265520060130952,-7.960549724274002,4.15958591128595,29.37730516724866,13.469260373979452
394,ZG302432,0.0,394,21.933001569042958,-45.60742924157888,-4.896045033597571,-2.239803730694704,21.78107914667324,1.417557301754215
395,ZG302442,0.0,395,-56.560250413334856,19.001833647399284,3.6377675308450783,-8.911654845508881,-33.19536989012712,-40.54888638239389
396,ZG302451,0.0,396,131.86028085538467,20.42275651318094,-5.781053866301105,-3.057394830120069,23.615167316978198,1.8027276624031714
397,ZG314696,0.0,397,-17.57807474209727,-23.763367831176748,-7.1885886306116245,-2.8988120604394414,28.094075358154033,2.3097948253520713
398,ZG314738,0.0,398,12.560371985373147,-26.11052928432758,1.8504251305375472,-8.961970290181785,-29.883397638819186,-47.75767807212587
399,ZG314777,0.0,399,127.63115854433497,34.75318499559886,-5.854619623494978,-4.4252572958470155,24.911613126921214,-3.6500023673623616
400,ZG316694,0.0,400,43.13965747167503,-36.20613576996568,-5.838020563361527,-3.0635672809344587,25.62181386561826,-5.594475974378007
401,ZG316704,0.0,401,50.90782691618248,-0.6262042626371079,4.966462182183522,-0.11294709177023243,-31.952501263548477,-28.23771873975193
402,ZG316716,0.0,402,36.509465839678704,11.459558299065938,-5.418542929376159,-2.5363778309284255,22.701472433720316,5.159112138530098
403,ZG316722,0.0,403,99.49089081365805,58.61676776804088,1.9321373586182744,-7.249640138410687,-30.100107848312852,-27.148468775478985
404,ZG322541,1.0,404,14.054696767958752,-11.188523217071525,-3.1174339962675295,2.0647974945319145,21.050831223865362,10.248826020164152
405,ZG5003493,0.0,405,8.029597293317645,-29.07122661529982,-4.904326746751601,1.1478053592328035,25.579555614069218,7.755719930613672
406,ZG5021922,1.0,406,-11.845590858961918,-9.28938130587436,5.1949566588902,-3.98011892796172,-39.61289026564225,-12.149871015912069
407,ZG5048010,1.0,407,28.30641566074811,14.40067377012662,6.688740151188136,-3.994446419782266,-41.54728350408636,-8.813442517157647
408,ZG5051896,1.0,408,0.6941014596511971,-14.683059290730675,-3.3049432494344235,0.01623945518798564,13.535004616599583,22.80161586764148
409,ZG5089456,1.0,409,-12.73432185145673,-5.487855527643424,-2.919489254809644,3.4392937018258056,21.54766728638649,14.206137380185574
410,ZG8006959,1.0,410,-19.495753609904035,-9.941629793052527,6.72315660359345,-3.954921375188973,-41.38063766156109,-9.097672537712448
411,ZG8038581181,1.0,411,-11.852524253585043,-17.871218928065527,-6.612869635769584,-3.080685797241105,24.567832406288144,-0.15146325266784544
412,ZG8510487,1.0,412,25.56738419694256,-10.519240694644626,-1.9543608364775453,3.7816576071776336,20.655945513258292,12.315961911323676
413,ZG8525123,1.0,413,-27.78736555484024,-0.9404576799803052,-2.127261877728549,3.8538295250017267,20.714783244333194,12.398586980946575
