,Strain,Cip,Index,genexp_1,genexp_2,gpa_1,gpa_2,snps_1,snps_2
0,CF592_Iso2,0.0,0,-9.29590305673505,25.462262279065406,-0.21381403035594482,-6.082352721069972,-23.23649244785256,-29.97587698804324
1,CF609_Iso3,0.0,1,-85.12624344069678,-20.99018048490013,-4.770166764346049,2.83170112399684,25.479659459234284,15.08198858388267
2,CH2500,1.0,2,-36.783171754561074,-19.693519910841506,1.967355270074405,-7.725370921953589,-30.048746202603215,-42.88236609579054
5,CH2527,0.0,5,62.29770741514629,-44.87345670858024,-6.352539760613958,0.31158916129460934,23.84470669264391,14.35421202944508
6,CH2543,1.0,6,11.217675489896523,-15.003576435637457,20.777736870630907,3.9353562978065817,-64.07348841223669,29.768526368555747
7,CH2560,1.0,7,1.7586935562452282,4.843412013036621,21.594165892728125,4.254229722367665,-64.20075361062987,30.00492996008453
8,CH2582,1.0,8,-2.800230428101227,-14.686542734928715,-6.2738677256931,-1.1870688035734744,31.53511555954958,4.106366986023183
9,CH2591,1.0,9,0.35332533396645033,-17.137711097226763,21.527649560586315,4.119926677442109,-63.515068799412745,28.82792913368163
11,CH2598,0.0,11,33.79511927113361,-16.650748831751137,-5.116635758697482,-4.15383641974817,27.28027622920981,-0.22763635145958716
12,CH2608,1.0,12,23.40744338250135,-38.99337024280186,16.75658540564585,-1.0946517267017342,-57.58701184605215,8.87213840604727
13,CH2623,1.0,13,-7.213452810967338,-45.578146264087884,-4.21128275602737,-1.8070080116399172,21.41461059300231,16.85355109502013
14,CH2639,1.0,14,-11.898219817387723,-4.697314858050493,21.894006604846982,4.377926338709813,-64.85360257895823,31.249159570019224
15,CH2657,1.0,15,23.619183815000202,25.716785272680053,21.378692381776137,4.5448662773917246,-64.70388764734926,30.910123751389854
16,CH2658,1.0,16,54.568932324546786,-26.31943671191197,-3.2458475305456513,-0.4890929308457288,16.420903726706882,8.73297406443627
17,CH2660,0.0,17,24.846888976970945,-20.428459325828413,-5.823911422145475,-5.769546397108153,29.401808307048334,-9.90797159160811
18,CH2665,1.0,18,39.0288414547956,-30.895166998368865,3.2118640090761827,-6.6492945692521515,-33.08879661162486,-26.756810054810295
19,CH2672,1.0,19,-8.194952545053557,26.03149505240988,5.262812426427774,-1.9707616847677292,-31.808377107045832,-23.02639237799005
20,CH2674,1.0,20,95.03171199367911,57.81968664033366,16.951485763685135,-0.8294187898399512,-58.63383249654325,15.733769599638258
21,CH2675,1.0,21,-17.09093688655398,9.13705642217249,20.13123289189365,4.008803176486289,-62.040294369782146,27.774538887508463
22,CH2677,1.0,22,-16.90700748229427,-14.717381793690274,-0.25095888422899804,-6.196669295161431,-21.391625682475276,-28.85654036919143
23,CH2678,1.0,23,34.545875373749006,10.691866085269654,-5.404873280066189,-4.482313678041862,24.78831915647713,-3.4760864792981607
24,CH2680,0.0,24,-23.304483624570413,-17.289125228852267,-4.9247085165011395,-4.404012178071074,24.568209763483154,-10.144585374056447
25,CH2682,0.0,25,26.666698666151476,-17.616267156081367,-5.921290802132953,0.32620222736904836,25.709033400793544,17.00061617197337
26,CH2685,0.0,26,93.18421366259336,-67.75992690148165,0.28387462624741255,-5.791153966031544,-25.70674612027171,-29.217323975806845
27,CH2687,1.0,27,8.908596362499448,2.5279268238683272,3.348360316571725,-4.92082355111727,-28.968644664196418,-17.837132442624593
28,CH2690,0.0,28,152.59430067435474,-32.621887018070886,-4.117492217257027,-1.221328896776373,25.857000489975313,-5.6226269468170145
29,CH2698,1.0,29,-27.34117958159024,-35.805281354670605,-3.9760192935286005,0.19255306524327054,23.18004573057305,8.572035630076606
30,CH2699,1.0,30,-10.339258963205598,-7.0676791043270075,20.117646920437284,3.9439274834558073,-62.38493510240485,28.94967725175517
31,CH2705,1.0,31,32.79271384610143,-8.763215539191645,3.1638109233526484,-6.420327783284407,-37.86428240572248,-13.453432475574488
32,CH2706,1.0,32,4.3153244931050505,-26.427030229262662,-3.8257937146976095,3.35545991848854,26.7053988813975,6.76805174501159
33,CH2707,0.0,33,139.41305959111853,-24.312039228844757,-5.469089374015176,-3.342208860618144,29.3747004956835,-3.537554983301739
34,CH2713,0.0,34,109.99898556234358,3.609453785306599,1.7723389696184744,-8.571646294352899,-27.74279697435233,-49.50412701487842
35,CH2718,0.0,35,40.355642844394986,0.8371852209331905,-5.793269084552623,-0.5351956323593221,32.64389632120578,1.230022001214941
36,CH2724,0.0,36,-10.47216591584175,-17.59779334636175,-6.710307456942188,-5.133605535971103,27.971103043280102,-2.692677454649811
37,CH2730,0.0,37,56.63590230968254,-0.27186440947528057,2.0348750697251043,-4.438756496074524,-28.270508683229224,-31.596448761281206
38,CH2734,1.0,38,20.445348033619855,-29.092891101921616,0.4775899261031378,-4.620142056149289,-27.106460877717545,-26.172737163339477
39,CH2735,1.0,39,8.91515289946922,-34.50340577483228,-5.511983673026694,-2.586671430040453,23.66016479080735,-7.161435541675644
40,CH2747,0.0,40,24.78992603018491,-33.678584417116774,-8.656637220824596,6.825722977137438,33.60507386951026,8.982683009396958
41,CH2748,1.0,41,6.350575791094259,27.322802194336653,16.443846830912285,0.20543678095395634,-56.76858836516547,21.01603777412118
42,CH2756,0.0,42,-40.75330729916755,-10.790752888001952,-6.768540119838339,-2.511321111335608,31.336947425495516,4.577492719428129
43,CH2764,0.0,43,-3.9073366435281423,-18.592064821411046,-3.0312044278958825,-3.7339137059539196,14.860564815710916,-0.8098290324727273
44,CH2824,0.0,44,10.175190994676013,-1.5964140042572315,-0.2191227221953871,-6.482931466710733,-23.15501115181121,-32.97879347320617
45,CH2829,0.0,45,51.47823184776875,-50.24037606995166,1.428063236752498,-5.403713407356592,-27.695753647204143,-36.94605781464919
46,CH2848,0.0,46,7.624278869317922,-9.825704868038345,-5.247185486987849,-5.256575902276463,26.01568260209855,-1.7012334617765106
47,CH2860,1.0,47,50.623896865914716,-8.5702021260086,-6.388107356578028,-5.916292485701529,29.669849951599332,-11.826571117216119
49,CH2922,0.0,49,-20.31388638917508,-39.155173925992734,-0.32807228692953316,-6.826679528036061,-22.161474047416796,-21.00585355156002
50,CH2939,0.0,50,20.96776013424308,2.0107247547077196,-5.587419329451478,-6.508607614966374,22.371998091727612,-5.830945749850102
51,CH3173,1.0,51,-48.468907353299485,16.49235818765315,21.115710534283924,4.414865865032235,-64.17739595364552,30.479616248572803
52,CH3177,0.0,52,-12.117410842245617,1.1909149762366866,-6.781557825004465,-5.724800598740617,29.154414879040623,-3.819447815446935
53,CH3290,1.0,53,-20.900960160464216,-12.70832507383547,16.588129963288303,-3.549870757941645,-61.73843211306146,24.535852133914155
54,CH3325,0.0,54,8.915864622694373,-3.096524220464877,-4.862881038852352,0.1639602485438818,26.70123828089516,8.439191415330825
55,CH3462,0.0,55,-25.943866873889412,1.4042239502909712,1.2068326616290115,-8.555775447834444,-28.7565499535313,-44.81673829804076
56,CH3466,1.0,56,18.07149551713206,-35.975401551029925,-6.1549887197475535,-1.8935331386797438,30.844295421936224,0.4610279010220921
58,CH3549,0.0,58,12.902145004977859,-9.440198804272612,-5.627965369882999,-2.906888849244269,25.31875703955901,0.13803033876099136
59,CH3570,1.0,59,-48.606827782929976,-26.543670894924357,-6.472162425058706,-2.189579264913676,32.439549500929196,-9.878752334055697
60,CH3613,1.0,60,2.54932591990085,-16.956081972045773,-3.4727270938394623,1.1879293429108753,23.443786824841,14.354947865123322
61,CH3648,1.0,61,3.7610897019419456,-0.6997578585229199,20.82056323881494,4.902310456936304,-61.60614182991352,27.662278226235138
62,CH3797,1.0,62,-101.48357318943512,19.366885925414834,2.1538544812164293,-4.808811098144196,-28.49308673944165,-27.820230392706073
63,CH3882,1.0,63,-130.14940817943216,13.016364681815029,-6.3263110876327,-3.5297070412717444,30.945643962559323,-0.8595864228477907
64,CH3906,0.0,64,-83.96697510576593,-24.3077483613362,-4.434633061868606,0.4037818206654382,29.934289606752188,8.001266671162504
65,CH4035,1.0,65,-67.604291788537,19.60903344854468,21.564716728672696,4.537880613762699,-64.47667185454264,30.59091787260558
66,CH4083,0.0,66,-57.610724418300855,-13.126580090309094,-5.381193637913208,-3.0816869112610066,25.06570241118721,-10.307504534163975
67,CH4411,1.0,67,-67.1387550229771,13.959303651326994,-5.880631372552331,0.7413737942774148,26.2798402985974,14.598409497458782
68,CH4418,0.0,68,-34.4474303303662,17.335219067834274,11.017394967059062,-0.3519343474812935,-52.9557510936218,13.555434959427338
69,CH4433,1.0,69,-46.04343878475961,-3.858080960894493,-0.7174381714366149,-4.183844200516044,-16.37950385610623,-17.424992719382335
70,CH4438,1.0,70,-11.960090524288658,-1.858906499942051,-6.291044053539573,-2.594518162473517,31.49545923517558,-4.750924268606482
71,CH4443,1.0,71,-92.67231765318475,13.60699508056167,-8.990401835969639,6.836366364037028,33.684847058466055,13.592478499829973
73,CH4489,0.0,73,-25.7432732089369,-24.98504835036393,1.055999816869594,-8.421494290692221,-24.290045648460165,-38.00165489726363
74,CH4509,0.0,74,-78.87148702203328,-9.901800048049772,-6.872745271849349,-2.056981068962137,32.28969558551529,-5.016272604445717
75,CH4520,0.0,75,-71.55404954876707,-21.1566357613101,-6.520850794512038,6.169217435310738,28.575065942227454,0.5613939113777633
76,CH4528,1.0,76,-34.13588560592835,7.580556384038686,-5.301984762167516,-0.7586446532336684,25.077146694592685,-6.040972571662884
77,CH4548,1.0,77,-41.69591896067961,-2.1111173568555572,21.924665179003735,4.340298971904682,-63.83599956321645,29.150066779781945
78,CH4549,0.0,78,61.28951660566369,21.199443243149283,-5.822975176669621,1.1190060452976986,25.947514393788914,15.428687528618504
79,CH4560,1.0,79,0.07907684471453603,-3.824004883848408,16.94889291513501,4.06141299088358,-54.774035086022856,12.19018477177977
80,CH4584,1.0,80,27.170263235515307,-16.443476615341677,-5.2509915310784105,-3.3921554244429304,25.13915520074213,-10.509373319942462
82,CH4602,0.0,82,-67.24768456423106,-32.73165222888267,19.88585424075335,4.168576811522616,-63.29052140350267,28.451483985565595
83,CH4634,1.0,83,-85.26545601076569,24.53114297596853,3.7392137817753133,-0.5804459090642915,-28.682591524922692,-25.68593775499113
84,CH4681,0.0,84,-92.45226022349777,-20.953002958808145,-6.359716544319095,-3.423434960954414,30.261613297067477,-9.183944006751773
85,CH4684,0.0,85,-47.47098966688837,-8.358166905627053,-3.8942506226111373,-5.376883334109083,0.8658536512973036,-15.949278345431175
87,CH4704,0.0,87,-28.345183089006227,-29.96509033518746,-6.073314523979835,-3.970129954504811,28.738608555226627,-6.492848821493936
88,CH4733,0.0,88,-31.027087299504746,16.521188554403604,-5.523596194130482,-0.6237556545832685,23.60346168626792,13.561628457746082
89,CH4745,1.0,89,18.20276573983525,-31.259664651577058,21.75909840675026,4.589311017401851,-63.87547048507662,29.228872769896036
90,CH4755,1.0,90,45.77849114967274,-28.941979351752437,-4.367839434724089,2.5694613720137465,29.67213006128081,6.003001405449737
91,CH4757,0.0,91,-11.106209161092197,-20.381667206207656,1.0877602490786544,-6.346043861726573,-27.43956712905613,-44.85859988512462
93,CH4780,1.0,93,15.488577524054469,-8.600968769485208,-4.640872393907801,-5.679048872179976,11.650974814293548,-14.578273728923975
94,CH4785,1.0,94,10.250215477640788,-26.157014340242394,-5.943219065443804,5.276721834099494,28.519209655278964,-0.3845397338711791
95,CH4840,0.0,95,-4.299203456800261,-43.34229872801625,-3.630449521719968,-1.4285773023698898,25.42706690861482,10.711415165358702
96,CH4860,1.0,96,5.59074439707429,-30.563756707285165,-4.3972766819152,1.6012251686331052,30.1228375078082,7.2462744796889496
97,CH4862,1.0,97,33.262089210695684,-5.376908406815406,0.8381579618017945,-6.905562263465426,-25.554698472206603,-28.10008724517922
98,CH4877,1.0,98,35.53329846976613,-14.825860303693283,4.249771201876937,-3.255744101257397,-37.537435478412085,-11.114318687595308
99,CH4878,0.0,99,49.433747017150274,-37.05195175965448,-5.280280824235689,-3.4834330848327344,28.050242719010498,-5.031978762283856
100,CH4891,0.0,100,-26.567251586825353,-11.199712084113338,-4.685419077775731,0.665328063600354,29.978614333411784,8.916028975653056
101,CH4914,0.0,101,-121.4125617176459,-23.063783385915787,-3.5615490784642594,0.6367218777313095,21.96917686822318,7.798205397222063
102,CH4916,0.0,102,11.868120515649123,-29.094474989759657,20.53992191504183,4.607442704050307,-63.23113165498702,28.28053249518768
103,CH4990,0.0,103,-57.1476745499491,34.49944602252134,-8.30185744650709,7.140344701613017,30.545805684202875,22.011555557318793
104,CH4992,1.0,104,-48.618468567296844,23.28753732069417,-4.36112541601771,1.5916562957982308,-27.890766220971294,-49.07437717402993
105,CH5022,1.0,105,-6.594269407829813,-15.77086910641554,19.36466746602086,4.747989862641013,-54.83491613176588,16.130837072188406
106,CH5052,1.0,106,10.261705790276798,12.015302983191713,16.512376600587523,2.611572201197019,-55.058604772884806,13.100764944776834
107,CH5066,0.0,107,-13.178680726700797,13.57422093462064,-6.340972656891688,-2.550703069721645,29.680210446701345,-6.146838331001497
108,CH5159,1.0,108,-26.923146021059367,41.33420342700359,21.082133739354386,4.270621430550623,-61.79121783373987,25.028585423018647
109,CH5174,1.0,109,-48.345911068833395,-2.728984073385765,16.064207948816463,2.4457068296009155,-55.90261109538364,10.93828790592935
111,CH5193,1.0,111,36.27015550807124,27.05136884891468,21.741051496266845,4.391727694704013,-64.7024355634322,30.87108019523334
112,CH5206,0.0,112,33.443322865656256,42.82615690077293,-3.222075869175117,-5.502570976977815,-0.5300367613609609,-12.995107920622232
113,CH5262,0.0,113,51.86356174691917,-47.111058442958054,-5.936087206705546,-4.605081956900923,27.87645030104244,-3.3256332596167724
114,CH5267,0.0,114,-6.693229570473098,-35.520599700951486,5.4381948295508336,-1.0118625355110566,-31.95929933017366,-25.895677044013908
115,CH5291,0.0,115,16.410219992438634,-31.481276981534805,-2.819515043827855,-3.4182343216316706,16.456472298922016,-6.279536698928993
116,CH5334,1.0,116,-31.10809144210323,-22.65218473090939,6.403737828470569,-2.9335471784651084,-36.8737230132218,-17.497120226171468
117,CH5353,0.0,117,-33.25323803495469,-4.834324027450866,-5.959372075211956,-4.4482780624649765,22.791718959969394,-0.35753905689615095
118,CH5356,1.0,118,7.166723181204571,15.11936847835022,-4.683339491937428,0.8730625840849537,26.032879765823182,7.315039231739554
120,CH5363,0.0,120,87.66906808312771,28.910585342996416,-5.072272952351298,-4.810294692144196,28.526895001312354,-1.8873333964206367
121,CH5387,0.0,121,14.074599493112787,-24.534789542385525,-3.2307813474140756,-5.569819837668742,5.602213475994908,-22.277470452753725
122,CH5432,1.0,122,62.92040165768121,27.450288019294355,-3.221472574305688,0.2867139203779292,18.578364582965406,-3.8477445982786023
123,CH5462,0.0,123,-6.607629490136277,3.641658719437601,1.1602952392148196,-7.114863081975272,-28.61227943427118,-29.646643523608688
124,CH5464,1.0,124,-29.677101240678173,-21.115552948638914,21.84065542327961,4.586284259899381,-64.93193780089013,30.807717857183384
125,CH5478,0.0,125,19.971327627677496,-7.160936210576522,-4.148196951847127,-0.9211118421585924,24.827734854272904,-2.4951784523081315
126,CH5528,1.0,126,0.118348705935733,-27.35763987024224,2.265219734519122,-6.174838530802825,-28.555410305548243,-19.349558460961383
129,CH5550,1.0,129,38.70311689240198,-22.489116038342267,-5.55411666290585,-2.5674370990957103,25.331224444536005,-6.784779439858752
130,CH5551,1.0,130,20.928052932662023,-37.49314498538403,-4.296100020865692,-1.7515411111163361,20.6136578965966,14.750243233695862
131,CH5591,1.0,131,46.47534679519394,34.86621390930038,2.532208436167286,-6.625597020191602,-32.91766901474135,-25.966888419356817
132,CH5596,0.0,132,-21.17963490649488,-27.670343267169415,2.5585669996922356,-5.973398314106927,-27.013933180848156,-30.171261029803336
133,CH5597,0.0,133,1.8809966710285444,-35.02985765112092,-6.362053622511096,-3.2260017517528965,28.575450298682718,-7.203175534566562
134,CH5621,1.0,134,-2.4896616359744743,-31.93596058418409,-5.0689001287184485,-3.6833921228890993,25.945879351981574,-2.7621885272111655
135,CH5638,1.0,135,-20.624092654070655,-31.05407298865051,-4.8859174189118,2.108480968940677,24.448377473846236,9.471362218299134
136,CH5666,1.0,136,-18.478237157790726,2.7335157443174287,21.866026015651308,4.308186490726328,-62.512825769987074,25.63761742248264
137,CH5688,1.0,137,62.918826138742276,-7.484976652110828,16.838360937329533,-0.3574390908100824,-58.07120235213959,19.614180960491034
138,CH5695,1.0,138,46.02702465052904,-24.91540150888914,21.48372920752712,4.553530887875759,-62.10783472920657,25.07301338346037
139,ESP002,0.0,139,-41.3512210273881,42.100938330668406,0.3236672350842249,-7.377074710236338,-23.51122890217991,-31.20636481770955
140,ESP003,0.0,140,71.00256719042652,40.035817001629866,-0.5234462631194838,-7.875616994862319,-18.289324831146615,-35.68924170244098
141,ESP004,0.0,141,-51.64447321231804,11.878223947963422,-0.6006341746277575,-7.821952482813139,-18.3273003785255,-35.740097404084736
142,ESP006,0.0,142,-17.133766503764143,7.65060892697474,-5.894595524399994,1.8626262891509242,28.642196820089758,5.602270022670268
144,ESP011,0.0,144,49.084577573442395,72.18914700220668,-4.884535431070621,5.685726734704595,25.200293220543173,15.84890190117519
145,ESP012,0.0,145,-21.19813228666795,13.200484351086358,-4.081273263587869,-4.504049965124268,13.985179797840715,-5.652699029098748
146,ESP013,0.0,146,-44.9532313021229,5.933487687934533,-5.234413540218192,-3.2685624542623124,16.481398203332944,-5.286074631934646
147,ESP015,0.0,147,-32.71046345202696,20.262914986003864,0.8549524070515719,-7.707192620458676,-25.179118780462133,-36.41141799588261
148,ESP020,0.0,148,22.06947405106955,11.135381903599756,4.904176585964358,-7.037925941292851,-36.7256704541046,-22.163748379347474
149,ESP021,0.0,149,-21.085909303478765,-40.99285771032473,2.215263171637317,-7.459753764600594,-26.726102613313607,-48.597482658840775
150,ESP022,0.0,150,23.63213501282142,59.60612582594736,-5.703014178403045,-1.968525220901915,30.411768637614216,-2.282371527542743
152,ESP024,0.0,152,-17.21060425680401,-8.649514772131523,-5.673108395183246,-0.47404835364754305,25.348492414606902,12.518289742233513
153,ESP025,0.0,153,13.706547685011554,-3.6390079408683693,-5.979340196953376,-2.2209696945596455,29.61599849386652,-6.423848407101993
154,ESP027,0.0,154,-4.275569771241122,-27.60157568790914,-5.6072790333158995,-2.4627582254761524,25.317076415303035,-8.074927571961126
155,ESP028,0.0,155,5.5401832166343254,-37.77351184194221,2.307920130487564,-6.064926688770038,-27.70877132181653,-29.896280641902848
156,ESP029,0.0,156,-9.622285432866281,48.62394879966877,-6.2723847128393535,-3.729687291922903,29.395040788877544,-9.26822144631722
157,ESP031,0.0,157,8.926579299320016,21.67498840555502,0.47695381551956206,-0.6847974927749263,-4.693556069879776,-5.659983168284782
158,ESP032,0.0,158,-32.359479525754644,26.367868201650456,-2.5284229307690813,-3.9416746629950987,11.441073902148005,-12.992762766873142
159,ESP033,0.0,159,-12.279299305944027,6.333651457441937,1.3730501117684142,-7.6099795830372,-25.21763435006911,-36.38341284693924
160,ESP034,0.0,160,-4.006076121492122,-10.029561445412439,-2.8254733139494146,-5.313602846426255,-1.3749475935138378,-13.875376323663666
161,ESP035,0.0,161,-7.258069396992013,-10.962203210910378,-6.003374497205238,-5.570919232160309,22.807557103069954,-5.6053483355808424
162,ESP036,0.0,162,-2.871037035026504,-11.759198491988998,-5.21709256336577,-3.454749712136869,28.18035000768039,-9.14382568003009
163,ESP037,0.0,163,-24.224210502313607,-4.941153478410787,1.511627496408256,-5.734627373072213,-27.52232653037236,-32.02779643758325
165,ESP039,1.0,165,113.26897057949897,63.38184104382531,-3.50831271527513,-4.030797942906424,3.224807053593114,-10.012753928504992
166,ESP040,1.0,166,100.56040380227496,50.70073763241777,-3.5007092341802863,-3.972237959491566,3.2123742118679033,-10.115554159652532
167,ESP043,1.0,167,80.7581056802182,71.08170387517683,-5.644973812205928,20.29583412335187,29.755599602041634,14.74665102767431
168,ESP044,0.0,168,38.83839099219636,41.0927343547786,-6.170952434973492,-2.62701540593861,28.498023022657563,-2.4477799544310983
169,ESP046,0.0,169,-2.7747935558985466,-11.10466888833877,-1.010168471651742,-7.115727580906849,-21.201456451585194,-34.34430677333942
170,ESP047,1.0,170,55.924276126334036,56.96821402591207,-6.798452540370166,23.059679215755814,29.609042514693662,14.381762563205513
171,ESP050,1.0,171,11.94768272715705,-29.733789166586483,0.8545254191158609,-7.05016643559933,-25.63143497385338,-35.833458593608555
172,ESP053,1.0,172,-25.721383694085997,36.722037022413375,15.580629344706932,-2.9255877190092434,-56.509822243272694,9.249347908530368
173,ESP055,0.0,173,-0.2627542928705328,-26.569836925322043,-4.391427216708,0.37979777519407953,27.492384004807207,5.871260166687456
175,ESP058,0.0,175,3.8081261363059284,-24.03565085608567,-6.785670280780665,-3.3995536466597995,31.903566038841774,-7.665445285723052
176,ESP059,1.0,176,-7.221160350133267,-33.16489938901368,-6.928466858562766,-2.9977288876101404,29.495017534408483,-5.653984990408716
177,ESP060,0.0,177,-26.137094848136325,-11.4982835473658,-5.671525933321562,4.000219454824393,24.218455897820064,16.78087452643019
178,ESP061,1.0,178,39.95319536770273,58.93345220345746,-5.79525380566168,23.09032042922914,28.831554636151452,13.82897127248161
179,ESP063,1.0,179,6.974238553194263,-12.253517372623984,-6.350775088486626,24.000203216287158,29.345973215376837,14.185965289957373
180,ESP064,1.0,180,-7.011210420903207,-35.620609107320305,-4.803221758462701,4.148643861686754,20.58403618064606,26.23492460950225
181,ESP066,1.0,181,-71.87845840098404,29.225899029687064,-5.634653240156303,22.976356962792384,29.23372122353578,14.560329235890492
182,ESP067,0.0,182,-114.10731507005252,-2.007149583132699,-6.625890553145151,-2.8195404514098756,27.020546540985784,-5.4096366884881775
183,ESP068,1.0,183,-126.60890913751723,46.67727367549327,17.340895427386844,0.3258339685745586,-58.26849760663823,19.97938035686976
184,ESP069,1.0,184,-107.40875517465113,33.48180999227066,-4.994679235707292,4.547133860997665,20.84531439687776,25.51627620467051
185,ESP070,1.0,185,-75.88517146690907,-0.058046904175627335,5.673432518343828,-0.15502494861151206,-31.41020251094217,-27.11713783186632
186,ESP071,1.0,186,-79.18939416586312,-19.36538846640587,-6.199681900201268,23.762643647022667,29.334179469284436,12.900153744894055
187,ESP072,0.0,187,-90.31703917104285,11.383683907280385,-5.743864051013233,-6.27103952553982,25.462949532213166,-8.341728317777644
188,ESP073,1.0,188,-91.60605282982526,-6.943912382703028,-5.7579302509847015,-6.15585384415259,26.407757864084473,-10.240234523056216
189,ESP074,1.0,189,-97.22685688892541,0.21348609931377613,-6.026803898199045,23.463117028559196,29.28512312199998,13.277980495910768
190,ESP075,1.0,190,-49.64594931255441,-13.21659375594055,0.4116499512174885,-8.575017079367395,-27.61402164691933,-26.442831357525495
191,ESP076,0.0,191,-33.2757167997541,30.687707667851306,0.3977423543473617,-8.73557356381304,-27.083572608865484,-27.113781222790827
192,ESP077,0.0,192,4.6587740220443905,-7.440680229639453,-2.85356428967796,-6.059232132241478,-15.332031159607451,-24.201757220090787
193,ESP078,1.0,193,-14.913553375817072,25.388569514577803,-4.895799052472469,4.239623497721363,20.60588747876168,23.488025333113505
194,ESP079,1.0,194,-45.24505026379657,20.276607576094353,-6.121288825937447,23.793411749037066,29.43782454394171,14.699141116655511
196,ESP082,1.0,196,-67.96535866136341,26.131506056267202,-6.130020429962185,23.998051617653548,29.499258102881157,13.556886525567656
197,ESP083,1.0,197,-45.618778571589424,20.636087723872862,-6.1801804556427395,23.66144325100927,29.684360110803468,14.60455221106929
198,ESP084,1.0,198,-64.30416139013023,25.174759374324093,-4.948141889093889,4.318585389159425,20.21348871657397,26.553593410489547
199,ESP088,1.0,199,-50.98255721395955,17.169812290987785,-6.247518177673594,23.362380601291996,29.214086448920085,13.151151464960058
200,ESP091,1.0,200,-28.049458852984717,19.218318959924673,17.198234803542682,-0.097302287295296,-57.651765212429254,18.439385132459115
201,F1659,1.0,201,54.71218094045301,39.69274284700673,2.5351495279606775,-1.2007302472311485,-28.324499928268576,-28.138695616109903
202,F1688,1.0,202,16.570707627654038,-11.992575926116226,-6.190166782237455,-5.461162554865191,28.49433396811451,-10.63008089330038
203,F1689,1.0,203,-3.738257505328188,-37.39360722876785,-6.197193351926619,-5.670303459809387,28.364221671501802,-10.472027953129057
204,F1697,1.0,204,-0.2988329192153322,25.85926203362021,20.350896993397342,3.2068225879281336,-61.603899599713834,25.553268980603313
206,F1712,1.0,206,-25.850753707728387,-5.812400456366876,-5.870346184818499,22.212627929207308,29.8261148663397,14.927494642992563
207,F1724,1.0,207,-21.185876704577893,12.251271776979701,20.67697156691304,3.363365404302577,-62.87541716151037,27.473922189545895
208,F1727,0.0,208,45.922450115916384,5.614828640391657,-5.800402239812189,-3.7121879664069377,28.916069462721516,-8.494394594792794
209,F1741,1.0,209,-26.649083596731483,22.444968133477907,20.23938535043095,3.3478134583783437,-63.3060438463525,28.534704393426217
210,F1745,1.0,210,-36.462041232102116,5.952758449088984,-5.028406043241963,20.900920636434055,29.692828748225956,12.53008616333888
211,F1746,1.0,211,-55.56151618717752,42.069652761073506,20.398448807716857,3.1734117708049094,-62.72467223669926,27.575409662141944
212,F1747,1.0,212,63.93636854065573,28.32044897681624,20.85829913452744,3.3437950943685504,-62.860357114201605,27.365151319125097
213,F1748,1.0,213,43.69489981633262,9.388539972537753,-7.763824828540098,-3.4307436424132423,33.41648452973293,-8.856513826602331
214,F1752,1.0,214,36.83661752035576,0.013936298860803959,-4.086782740543098,-2.582130312921281,15.215846752025136,21.45112612225413
215,F1754,1.0,215,12.589490242086901,38.12869188716411,4.558224368049412,-6.687580713731808,-37.45571238391225,-18.034906605034212
216,F1757,1.0,216,-66.55465265374167,20.064238991701934,-4.296459261102188,-2.657462597580814,21.41355934024253,15.318091975269063
217,F1758,0.0,217,100.00461108150309,42.750912352369284,-6.384374522786016,-0.15254497998359007,26.904817172025425,7.448572085838329
218,F1759,1.0,218,-29.45135571400303,-38.94739194693078,-5.297967068746304,-5.168774409834395,25.25364209062743,-11.26312932818638
219,F1760,1.0,219,25.665406252966154,18.14891335282723,-4.191995668703637,-2.490475924143218,15.453136015639679,21.258469120903776
220,F1763,1.0,220,35.41222355053042,-2.051422591292709,-3.566819265070611,-3.3963164032009017,19.158801550423796,14.378902156503628
222,F1775,1.0,222,-14.418893467666942,-16.477629404446123,-5.710640804514022,-4.158553394275294,28.26758197996375,-2.457782542063441
223,F1787,1.0,223,18.51514738509978,-7.123059275986103,-7.121632439639498,-3.7464817373614165,31.4588986346823,-10.13550292168329
224,F1789,1.0,224,-10.157569934912464,31.60144295919255,-4.033996232598989,-2.648525321609064,16.02469298746454,16.503043575868936
225,F1795,1.0,225,-20.063300979591876,22.079203573776663,20.487961363788116,3.086469123840276,-59.00420264251511,20.42187771666429
226,F1796,1.0,226,-25.542376451149792,-1.150833088129795,-5.510230382468455,22.164723322512923,29.944074483002943,13.862481941374206
227,F1798,1.0,227,-37.157215846193274,4.055468661119471,-5.636185646166731,22.192982521598065,29.899969974665964,13.843339641546336
228,F1800,0.0,228,-51.974310045984716,22.082097612028154,-6.3813087014324665,1.3656126087822713,24.651407595362095,14.791711690883787
229,F1801,1.0,229,-62.308520941967906,15.14178213559774,3.167045557503002,-1.8864191709440874,-29.580409996778734,-24.622082458183527
230,F1810,1.0,230,7.400601320986813,30.449931556809595,20.86468540225927,3.168966264613749,-62.945022241121805,27.630126452246408
231,F1812,1.0,231,-73.88342315325248,23.96775828119272,-4.295641318945526,-2.702573153932626,15.450174080217451,19.99164472091696
232,F1821,1.0,232,-49.19269045076514,23.677073225969796,-4.211423651112256,-2.5577789396693937,15.031672656559401,20.875296911759328
234,F1853,1.0,234,12.09108099865271,12.81689943732412,15.941687461113887,-1.7622636305959611,-60.79033644343274,23.449235330193126
236,F1864,1.0,236,-61.78371250766534,-19.161478338562787,20.621717591734416,3.3177617192723226,-63.0818983375207,27.475348696397838
237,F1869,1.0,237,86.99324256761311,-14.250090559660894,18.4677768581871,1.4547028941729714,-62.13981640810188,27.108493718975318
239,F1883,1.0,239,32.69911554377927,-30.19988195460061,-6.447612221484948,4.4125370605173035,30.93438100217565,8.523526881460256
241,F1957,1.0,241,72.30312573388282,20.54055315850564,3.1763262337506433,-1.8644240871020648,-29.755565237354958,-26.38160900547771
242,F1968,1.0,242,30.500023857639054,-40.570629080062965,-4.930428136130443,-3.3143597911283713,29.06058318967638,-10.157913295744095
243,F1979,1.0,243,2.088193836878806,9.78856130122642,19.119637477384746,2.202266130541414,-61.95456203079053,26.334435332260888
244,F1983,1.0,244,38.88057629997284,-2.2070053040538054,18.99010776444105,2.041686546349908,-62.00660740243256,26.663078955675708
245,F1997,1.0,245,-0.7893472424817263,-3.313284841372437,-6.640246119726634,-3.088902499362609,24.675437190512163,3.434243766584096
246,F2000,1.0,246,-30.903496949304834,28.009634390864928,20.184549267404464,3.225766490512612,-62.90436249088863,27.245550062342993
247,F2003,1.0,247,48.513685450879876,-15.918373203902874,0.6487116990602453,-9.356128722699667,-26.706974039692987,-49.446240354735224
248,F2005,1.0,248,27.155587930527574,1.717417921520999,-6.572580547271376,-3.2586795017180608,25.68197278612851,-2.520945578970533
249,F2006,1.0,249,-51.846111020203274,1.8739442946912264,-9.043236207707006,8.228966704418138,30.260832606598143,23.787962930592933
250,F2010,1.0,250,38.12312993541938,8.110668576091568,-6.964349307147455,-3.0460193906332913,28.25679413015594,4.523683389283697
251,F2017,1.0,251,37.1115358864041,-33.961202926998034,-9.001198067728886,7.756711115404073,30.366335264159872,21.803771742813446
252,F2020,1.0,252,-7.444297381610057,-12.130915438889595,0.5452237063370631,-9.275216829816381,-26.63717504048488,-49.64977608019936
253,F2029,0.0,253,-6.630164889496888,5.801746527388552,-5.575066574834515,-0.7431900379440979,28.959451218414145,-1.0493658294690462
254,F2030,1.0,254,43.37057077179921,10.931717198705242,19.626865430656142,2.189100057438983,-63.08586747259995,27.15656966991269
255,F2034,1.0,255,31.563657451665375,-23.99155449348139,-6.42272700600105,4.380865030271526,31.22959598969277,9.918771297651354
257,F2040,1.0,257,13.139679321274125,3.8666288765391963,20.715526444466313,3.270764913674226,-63.11639720474488,28.13916112633003
259,F2045,1.0,259,68.43416822272633,59.40880984551764,4.560376388676372,-6.392034396810725,-37.574304049376586,-20.58039939824439
260,F2054,1.0,260,-22.450761814402043,8.737786764142303,-4.08931082532733,-2.54651386820981,15.6762494500936,20.480628568860645
261,F2055,1.0,261,-6.964473789510059,8.244053803247354,-5.832334276857412,21.814274839399268,29.74839561212115,14.094703331776365
262,F2056,1.0,262,-1.6830092909861818,9.645343545939022,20.955111471727367,3.204436224959112,-62.77788819065843,26.906083935831454
263,F2059,1.0,263,-28.19689827066415,10.096387520709495,-5.689503153701674,21.763749911534685,30.013438610006318,14.036950634838952
264,F2064,1.0,264,-35.366257996807846,25.494731762758274,20.46493855454239,3.404748888263553,-62.19119031551453,26.32346505203183
266,F2073,1.0,266,-1.0284051383405028,-2.617111666623604,3.5178350779019905,-5.185318782309613,-33.106449261195344,-24.589035589434157
267,F2075,1.0,267,-37.61594063306939,-11.125869565155428,-6.21857288333779,-3.1520828515861536,30.840338622811366,-5.515419385971278
269,F2084,0.0,269,-46.57375888468105,-12.950290479086874,-7.816185749234544,-2.670580593128637,33.49890641092272,-9.678643167321354
271,F2097,1.0,271,-16.07372950051583,-23.926786679312833,20.557201275233243,3.412716677088264,-63.02651235353697,28.522529099788194
272,F2098,1.0,272,-28.235393848196853,14.960885069913944,-3.3895581312782594,-0.48468207133836394,20.61173533176111,10.217648421761965
273,F2119,1.0,273,2.7724021731403385,-24.989026298618167,-8.680756921672035,7.232084436699463,26.179919230024154,20.567556433507768
275,F2137,1.0,275,97.47400799326921,54.7266782811845,-8.937050177112873,7.8369012321759435,29.958592388520024,21.595059466249744
276,F2148,1.0,276,-19.133069646772068,12.424566898104866,-8.945503410139317,7.866748347100486,30.345053460539937,22.649139034689192
277,F2165,1.0,277,107.59822940210016,60.70922497317033,-8.93296736997839,7.849305674713342,30.217416151488393,22.1331653106406
278,F2166,1.0,278,-2.891415548657856,-8.306253185893187,-8.894977407378825,7.834181774256052,30.258364894224144,23.008422698888587
279,F2167,1.0,279,16.054506983052306,20.777788917385116,20.18327627311619,3.2379811315319067,-62.92340472321731,27.846939827202952
281,F2176,1.0,281,-45.30415275827192,27.997043318585327,-4.0294657132627245,-1.7175461845700406,17.491220467584775,18.890900111734986
282,F2199,1.0,282,-14.481578952630871,33.130451321283914,-5.558646237703869,21.71283307233773,29.93936253668,12.539123049354146
283,F2205,0.0,283,-42.88852571883114,26.86692323430734,-7.559993294156573,-3.8304307919144636,32.73095580560619,-9.845362210774653
284,F2208,1.0,284,-30.474844033137938,38.27127151285663,18.525102139247593,2.9235215383118582,-61.687715310630594,26.55052770407722
285,F2230,1.0,285,99.56889893642747,61.19246381229465,-7.185348975434866,-3.3546349292631437,28.764155763302952,3.2668221323342337
286,F2234,1.0,286,50.179584614005755,22.22693580580385,-8.841445314147919,7.917558919003742,30.102634984864956,22.213352737147055
287,F2235,1.0,287,-13.945719410319509,-3.5787727547761787,-4.950665117945716,18.933763036990182,29.095255461517617,11.922935963741175
288,F2236,0.0,288,28.259723404787607,34.07980543148936,-4.478942210227307,-4.120462952803793,26.06269370918978,-3.0512365835047888
289,F2240,1.0,289,51.11305430578322,18.605416503475716,-5.565989021826083,21.57957783658533,29.917359936069012,12.657173844965158
290,M70563004,0.0,290,34.81539241106095,40.540496978253294,-4.808993966069074,1.6653832041154502,23.05474375971675,8.451681532777897
292,M70565254,0.0,292,-62.6710846984432,20.17345643795183,-7.779306642941957,-2.336493961560836,29.859470036934447,1.7929750386972003
294,M70604538,1.0,294,20.104204994968047,58.41314456165647,-8.575127292733159,6.4421417072533025,33.09541114116517,16.34392185402725
295,M70608424,1.0,295,-86.81423411464763,64.91091022753125,-8.569871935929642,6.565278295949188,33.005044937240044,16.492416056345213
296,M70635118,1.0,296,-22.8218598089198,17.698100750280993,14.619232627613748,-3.187369803171184,-59.47601612169082,21.27357326736375
297,M70638412,1.0,297,-2.8633658919377525,27.342509498594247,16.39247915811888,-2.316156074959867,-59.81473454781045,20.712548534407723
298,M70639645,0.0,298,80.55202643387166,-45.86969820349636,-5.615939070150831,-5.4683988306421405,23.858614010408374,-2.7394343382629387
299,M70640096,0.0,299,21.59149082114363,7.238445609285656,-5.848149595388505,1.2529675877668307,23.99898520481004,16.848160554563172
300,M70641593,0.0,300,1.3369789575231408,-16.240981758960615,-8.312660138552044,7.3362761395407805,30.51066860285787,20.17100586566749
302,M70646077,0.0,302,64.79053472556639,7.736261150579827,-4.913036373887785,0.7402648924643813,25.735531524177325,5.067288652502256
303,M70647319,0.0,303,55.30969033741863,17.890644660963165,-6.308729521278968,-3.8333787688011043,29.151796242929265,-3.431452961876225
304,M70649365,1.0,304,5.8606254604469905,-10.978254292875809,-7.622566885170397,6.068428902685822,30.112094998633843,20.315843950063545
305,M70652746,0.0,305,-24.385495132518322,22.79712006802744,-6.85983433359102,-5.07544182292195,26.926517659988406,-3.1879255913818128
306,M70656672,0.0,306,-24.036232532466684,-11.870775502151778,-9.692844470454801,6.925032536977918,32.613231632648414,11.060734634319672
307,M70663247,0.0,307,-20.09942888445356,17.79945749332489,4.019987756388518,-3.1370038690301545,-29.60380905711542,-22.33404332558824
308,MHH0147,0.0,308,-55.506941001430796,36.743606456471184,-4.785925214205607,-4.249958266436036,20.82161974600323,-2.3825741583339166
310,MHH0927,0.0,310,-56.62118202996883,22.60219326232915,-5.729539004150577,-4.4531956860255075,27.440939039763364,-5.984557978716907
312,MHH14911,0.0,312,2.536042907716568,-18.652981917781545,3.979372206026569,-3.3165569379129742,-36.861737230173034,-16.284830892610316
314,MHH14990,0.0,314,-14.272778784866302,18.283951951927683,-6.382337033868583,-5.201195072383621,28.75118461792799,-10.292733187796578
315,MHH15015,0.0,315,-49.57301883715053,53.137347518250216,-6.146062177405995,3.0603046628915376,26.3178594798473,8.327481602547891
316,MHH15083,1.0,316,27.634657900738663,-12.082574897857087,-6.153060518419163,20.30964001445602,29.523398534425517,13.298760904742267
318,MHH15151,0.0,318,12.836942486223192,-39.055946870741174,-6.0516498571468755,-6.122430318942081,28.745013029407836,-9.821083859503858
319,MHH15187,0.0,319,-12.35586079861668,-37.60150237371372,-6.138467358602916,0.6882117923979152,26.451800289984156,18.257528082601247
321,MHH1525,1.0,321,34.04526952407829,1.4440177333130426,4.440643311712134,-6.514483674721898,-38.38201826439193,-17.602478585908376
322,MHH15275,1.0,322,0.6807314122997757,-30.150943479499063,-6.038063140890667,20.187834824510126,29.664788582729955,12.40018792133153
323,MHH15280,0.0,323,43.04172726389093,-28.03293838112128,-5.959650742336825,-1.4022388093694103,25.940077353468723,-4.650869671626481
325,MHH16050,0.0,325,27.76909319970706,-21.201568578458726,-5.151169015578124,-4.718092863313043,24.981494700285026,-3.6895969235864072
327,MHH16371,1.0,327,46.638873244301436,-18.180970936835244,-5.915351069652509,-4.569653559581255,27.114761413659174,-7.342886877897605
328,MHH16379,0.0,328,13.502436226666578,-19.569446385261156,-6.003024201004687,-2.95410633910112,29.148823275101797,-4.68751825451006
330,MHH16459,0.0,330,36.0975293493302,-6.439372566320108,-7.670194435867638,-2.304173338664376,31.628681218869822,-5.530300151126276
331,MHH16513,1.0,331,37.531761972718755,-9.9656212955166,-6.016521611631856,-2.9128262133410745,30.373839433582816,-3.218613562087448
332,MHH16530,0.0,332,44.482618666271826,-7.928751467678377,4.036941285983656,-1.0538666990696637,-29.468512258101224,-26.402092348434447
333,MHH16563,0.0,333,-21.350235825445168,16.255111338003168,4.068838260054423,-1.1133846640706988,-29.220974580696428,-26.49668833848597
334,MHH16610,1.0,334,-10.644457606719786,-27.995204350750157,-6.022406918702849,-2.758773987172373,30.37835885222853,-3.2233745028884258
335,MHH16727,0.0,335,-5.401844100797515,-11.604293559667042,4.026437306773984,-3.2385675729475825,-36.508968168788456,-17.24220406735348
336,MHH16798,1.0,336,22.843475886849003,-9.444352455712702,-6.046851665242817,-2.817537663087035,28.83452714513794,-4.628407986066598
337,MHH16951,1.0,337,57.48670502703798,36.95500262559979,1.281647354954579,-7.979412272096052,-26.04869195259768,-28.7195208779978
338,MHH17233,1.0,338,4.911271226671169,19.57924595095251,15.980637214187649,-3.980438704926173,-55.914045675028554,9.488885583752527
339,MHH17247,0.0,339,17.548370695125552,1.5596041591531546,-4.8945839263038815,-0.0016559355277063759,21.84525938147116,5.0368321345505365
340,MHH17441,1.0,340,-6.342420548918982,-1.0508058463552168,16.28415493407814,-0.9168355959029002,-55.85604366346452,9.546953158121987
342,MHH17546,1.0,342,40.64581980516133,-25.9544319705859,-5.594760368386961,-2.3650820117855798,25.607863582421963,-0.4543326346526655
343,MHH17767,0.0,343,1.023046236825505,8.79755085997571,-5.62234997557295,-4.603251232278719,27.692162613733522,-10.586741373036737
344,MHH17783,0.0,344,13.171754627337991,11.61983810563369,-5.879211789318674,-3.684394344904449,25.54123727461384,0.417700069461425
345,MHH1883,0.0,345,-27.33998943391502,29.182938517118195,1.9965547470323797,-8.19443139965421,-28.026587293351433,-48.7846070424143
346,MHH2419,0.0,346,35.181611699217726,26.301744411298017,-4.150219246863258,-0.7017970435783161,24.327291781187846,1.3041806331187402
347,MS1,0.0,347,-75.1854767760829,-10.389898289698221,-8.852282519073826,4.7711449482505035,33.887059685844925,10.388987231981744
348,MS2,0.0,348,-7.179348107918434,64.15538563059334,-6.675487961289747,-4.174509877365545,26.149271558276972,-2.917946812102116
349,MS5,0.0,349,-110.02124712061585,27.425863652436014,-6.592480288194816,-4.565281099676094,26.652567477226043,-3.39315323627676
350,PSAE1401,0.0,350,47.92650510972226,-39.3729996292942,-6.419199986876747,-2.216964115094421,24.736991692009774,-7.600551659049046
351,PSAE1438,1.0,351,35.826227031511436,-40.43336786346356,-6.428726074223701,-2.2055737152212327,24.56322363568163,-7.581856897444638
352,PSAE1439,1.0,352,-13.138335375579505,-28.602225379452936,-6.544659033149279,-2.1274683541583146,25.021331950250172,-7.19102490776401
355,PSAE1641,1.0,355,4.417102424433021,-20.719996381627702,0.9652286186452597,-4.5948890950943575,-24.998708092251544,-31.030890922423804
356,PSAE1642,0.0,356,27.612873306317788,-6.5250461969356675,-0.0022790275293340656,-3.6627193076464684,-23.346922026558516,-24.9581597001836
359,PSAE1649,0.0,359,-13.554607861497068,-4.108486746690539,-0.06150845823271789,-3.703996157902602,-22.902564914017578,-24.557201630848844
362,PSAE1656,0.0,362,13.439151372642156,-21.657194542603726,-0.12986710075602215,-3.776236727952104,-23.17072843679504,-24.920785211412017
363,PSAE1742,1.0,363,54.89016034506448,-40.22845772191683,-6.616265173089635,0.7167339067396661,27.854289693289097,6.465626111828968
364,PSAE1745,1.0,364,60.8543492429678,-9.278280639305878,-3.2881187781329815,0.8313646699473196,22.833248745700075,10.214511115515826
365,PSAE1837,0.0,365,-29.962501501533012,-6.926562219857622,-0.06017818678697617,-3.8629095368716886,-23.159375450426825,-25.25763520798841
366,PSAE1872,0.0,366,-27.200488447305048,-1.762209190125226,-5.558576898791289,0.08876077535008697,29.388884103316236,0.9780974365254309
367,PSAE1903,1.0,367,-40.92383480805123,-28.010953033977298,-3.87049184281911,1.1279698441327355,28.67138004700614,5.537228574611859
369,PSAE1934,0.0,369,-14.090437123629533,-18.512106178364355,-6.4135904509743105,1.7237704622320607,25.743294376378984,11.688407909846049
371,PSAE1975,0.0,371,2.819040041550688,-9.726152231675918,-8.347884998985549,6.444008679706645,33.700735981674285,5.836087663997439
372,PSAE1984,0.0,372,-41.34138099154317,-15.343028365036817,-6.857486620842777,2.59440081624151,25.605775489915857,8.86213535241582
373,PSAE2125,0.0,373,-9.9316487210001,-5.779971187630014,-8.410302032316173,6.524251184685383,33.667160432304165,5.389519835895449
374,PSAE2126,0.0,374,61.001836269674634,-17.803271235665523,-4.066527294134601,-5.293296554261947,15.753646020556872,-3.9900328784874475
375,PSAE2127,1.0,375,34.15000671655974,43.983376276266156,16.056531828668057,-0.7964746545541521,-52.61076728562984,5.15962900284034
376,PSAE2139,1.0,376,60.68607924106299,20.21521863360609,13.757993058900002,1.1100086024519449,-54.709804435839885,14.676543598780924
377,PSAE2325,0.0,377,40.98607866647177,-32.73168914225608,-4.060184742796466,-5.262615872668009,15.556775868908737,-3.453962674263707
378,Vb20477,1.0,378,-37.17328676324392,-10.406251672691536,16.42183124812432,-1.0204428643070216,-60.04194202049189,21.774861124619683
381,ZG02488718,0.0,381,-13.235564931594814,-21.973795762185034,1.3184498890347385,-8.189468267813563,-28.00591421124524,-49.26008856024632
382,ZG02512057,0.0,382,14.340924477096689,-18.615452674059185,1.0037278791166684,-9.448555466145946,-28.048088014626025,-49.36344423420475
384,ZG205694,0.0,384,12.91104578289963,-33.29068482849012,-5.87087552065184,0.7736455132567404,29.369222746279952,0.939516286019078
386,ZG205864,1.0,386,-13.375793460121976,25.555374944225374,-4.266388452552411,0.7601934942612161,23.61449239127272,8.777323230896236
387,ZG301975,0.0,387,18.406430420896605,1.8613726590376682,0.7592568859062792,-0.1835350544585559,-20.87436512989366,-25.975738439850765
388,ZG302359,0.0,388,-15.372491918456983,-11.877941167171421,-6.3275147887780605,-1.3974194330751768,29.1559670215077,1.124941670162336
389,ZG302367,0.0,389,0.179810391570627,-20.938882351467633,-6.388002322905863,-4.784228110684696,27.099940409703436,-3.8201103270019274
390,ZG302368,0.0,390,48.13642567183209,1.01302664379733,-5.226102380871551,-0.11693542891527287,25.01665690261685,5.969880082959804
391,ZG302370,1.0,391,19.52504470025835,14.423970970851457,-5.8040118857126615,0.971671551048976,29.49032691091582,0.5390514974690461
392,ZG302383,0.0,392,3.3333199328111816,-6.808960865101674,1.2292320593211103,-7.425892269205611,-29.559196520300723,-25.761901244228522
393,ZG302431,0.0,393,-46.15415344732485,-5.541252944746283,-8.41656730157264,2.038305792635839,31.422999646204936,13.550918727953054
394,ZG302432,0.0,394,22.83037612783527,-46.34603331125129,-5.257087926478855,-2.5996960467900845,23.316218375515717,0.18752394471383127
395,ZG302442,0.0,395,-54.09822599105846,17.630649266374114,2.8921216632991955,-8.33430909937388,-29.97602132790961,-42.16590947386824
396,ZG302451,0.0,396,131.94562212846168,17.35577017810597,-6.149941641666113,-3.4566278453271257,25.231016368575624,0.516648462357189
397,ZG314696,0.0,397,-16.026632589386796,-24.469222913252015,-7.0701590373546095,-3.1484154018793964,28.888183019464456,3.769134963528309
398,ZG314738,0.0,398,13.973814302849322,-27.098448363286685,1.0455628415575067,-8.562745952269262,-26.68932834790359,-49.52712242755423
399,ZG314777,0.0,399,127.866686698659,31.189856397086945,-6.303185318567567,-4.908831905206387,26.633995804276367,-5.165676200177188
400,ZG316694,0.0,400,43.97583963655738,-37.18857191525387,-6.14605915449815,-3.6422620919915216,27.20272060913824,-6.609642682819647
401,ZG316704,0.0,401,51.83016431586897,-2.299965160876391,4.067415337016574,-0.506867915902447,-28.694580733316386,-29.110968172221284
402,ZG316716,0.0,402,37.76094102908765,9.687355392268145,-5.9858209663266315,-3.0873277535754697,24.580123230235273,3.7919926193945415
403,ZG316722,0.0,403,100.34579497835972,55.42689760048854,1.305366947785095,-7.316001899357224,-27.415624546441215,-29.326403861827664
404,ZG322541,1.0,404,15.383650898100543,-12.057749164180214,-3.880521667747157,0.8335893732131616,23.63456021048485,10.068207541851997
406,ZG5021922,1.0,406,-10.128625388391526,-9.824031298140815,4.354864444670777,-3.7563298034233332,-36.814112299758754,-14.47303666839256
407,ZG5048010,1.0,407,29.79659797227643,13.050924153332705,5.848046432903523,-3.9665160277051843,-38.75456710073249,-10.720871150582653
408,ZG5051896,1.0,408,2.1850316024295404,-15.297766820599978,-3.7953927605964153,-0.5473539478710965,15.256685410248792,21.208680446201335
409,ZG5089456,1.0,409,-11.176145605250445,-6.338797033627035,-3.7211729280176487,2.227451456995192,24.526781572819793,14.747637815439148
410,ZG8006959,1.0,410,-17.69481757533281,-10.408262186843013,5.889512796762342,-3.9552248811998965,-38.58044430363867,-10.974058946321179
411,ZG8038581181,1.0,411,-10.192793662407503,-18.589763220503475,-7.173871250707356,-3.531376685616147,26.155356181515643,-2.040259842638001
412,ZG8510487,1.0,412,26.735772092456436,-11.555878534248508,-2.7277246419367165,2.611505519740936,23.430209120503662,12.424919390205503
413,ZG8525123,1.0,413,-25.977874503936302,-1.796812447642555,-2.9084981764332776,2.7015162205609133,23.483858267337226,12.550629088700383
