,Strain,Mer,Index,genexp_1,genexp_2,gpa_1,gpa_2,snps_1,snps_2
1,CF609_Iso3,1.0,1,-87.74949239450697,-19.082659868005585,-4.474999026461969,3.9004568878569277,24.432217900298248,16.415766833766178
2,CH2500,0.0,2,-39.16836180950688,-18.623372251073203,2.2074161774894945,-8.86637941169101,-31.649828482882853,-43.639970131623926
3,CH2502,1.0,3,15.26933693686222,-9.574049554506876,-4.860414452495161,0.931093836377908,25.146044109697996,12.791012117061427
5,CH2527,0.0,5,60.748702803909325,-45.54144881308716,-5.98749736085496,0.6978042460411356,22.492767820802527,14.86629537544011
6,CH2543,1.0,6,9.224284000677592,-13.91856473358256,21.0807987459747,3.9600471892912807,-65.37334474000444,29.340020608373514
7,CH2560,0.0,7,-0.21759534090105634,6.395518059755003,21.917673961384093,4.199900316844044,-65.50699655959457,29.531523717240255
9,CH2591,1.0,9,-1.7133538605219594,-16.09750072042216,21.8297909229408,4.075769271316414,-64.85007871951154,28.299348984617303
10,CH2597,0.0,10,66.70236737655085,-40.43848743094773,-6.694918982360399,-4.281789410273304,27.35286745064832,-8.637453877106708
11,CH2598,1.0,11,32.163121012596456,-16.22669069211636,-5.023207194461318,-3.658811833750655,26.058346519849415,0.3759634760730961
12,CH2608,1.0,12,21.25704945744594,-38.298716017245404,16.920778904730234,-1.5842456976003891,-58.56770447828068,8.1725319194964
13,CH2623,1.0,13,-9.348795954307398,-44.84420816732469,-3.8115437274605535,-1.019382815835959,19.4055459045656,17.170436167815758
14,CH2639,1.0,14,-14.070162879722396,-3.2751015754076045,22.21819522051267,4.291626352270907,-66.1199514060547,30.849143712277716
15,CH2657,1.0,15,21.95497262118925,26.868913199975363,21.686756341901475,4.431925463014014,-65.98753577637589,30.49291967441274
16,CH2658,1.0,16,52.98511106368583,-26.157662231145203,-3.0567231468840625,-0.23398669818426754,15.405182715814,9.112178040460797
17,CH2660,1.0,17,23.06763975970569,-20.151325901704222,-5.874913940055579,-5.5140278754567795,28.486202673883888,-10.066032774574772
18,CH2665,1.0,18,37.14070588324138,-30.59517178491394,3.4128408132070183,-6.899316595621913,-34.310885977529146,-26.416841744649325
19,CH2672,1.0,19,-9.93486438003599,27.02574993428988,5.49129677212505,-1.7320155287868353,-33.15591298445707,-21.37114536032517
20,CH2674,1.0,20,93.89684808405202,57.182916487192976,17.120074748187644,-0.9090284301761873,-59.79995060133558,15.146544480324586
21,CH2675,1.0,21,-19.09669929474365,10.70704083260738,20.479101214703384,4.034444058729985,-63.42510912452439,27.37012237515267
22,CH2677,1.0,22,-19.083400766917485,-13.6764426853047,-0.14237752347660537,-6.107778249568212,-22.423617000891348,-27.811553491343325
23,CH2678,0.0,23,32.79928602578641,10.774112673910446,-5.35406940288186,-4.105151409905219,24.265182062669723,-2.862194000332302
24,CH2680,0.0,24,-25.391078555220705,-15.620679555560534,-4.94376641942434,-4.047551787540163,24.049609640919783,-10.31436358105794
25,CH2682,1.0,25,25.139268217545947,-17.65890503647876,-5.604390048942658,1.2672807107497164,24.41598276440054,17.633902297974934
26,CH2685,1.0,26,91.49362434714182,-68.94193286111214,0.3949832246110261,-6.301297907873048,-27.22959127033251,-30.14102130246993
27,CH2687,1.0,27,7.047585580863324,3.986141436802336,3.630553759326915,-5.29486560136899,-30.675031186232438,-18.098681378047626
28,CH2690,0.0,28,151.51580894314426,-33.84662792095777,-3.9921466959511234,-0.254205319167772,25.177475062725655,-5.543459468813438
29,CH2698,1.0,29,-29.593752310433455,-34.831307498605305,-3.433826640830771,1.491709495346786,20.933914800228358,8.562591391009107
30,CH2699,1.0,30,-12.357415004558824,-5.910053878757725,20.442946833069897,4.01866206732835,-63.754278109448094,28.571525322981778
31,CH2705,1.0,31,31.05932629507686,-7.940374400143427,3.345735452123214,-6.6284379048440165,-39.23617587427181,-12.842105320038222
32,CH2706,1.0,32,2.3197209004359767,-25.251261744391815,-3.3913284719837535,4.384834707026171,25.606252353565672,7.246045563869636
33,CH2707,1.0,33,138.30198093190734,-25.53091778736097,-5.353274469033026,-2.790080137424601,28.199047864629115,-2.7398933649492605
34,CH2713,1.0,34,108.54880558819953,2.117708904216085,1.9471278901924611,-9.775408666211943,-29.198848262371143,-50.639786361253634
36,CH2724,1.0,36,-12.381339204296545,-16.250039117074877,-6.737632264961528,-4.598108910779472,27.5586936132036,-1.2886830304501586
38,CH2734,0.0,38,18.56194580710286,-28.644752494919622,0.6364584108684519,-4.891394583817999,-28.681610104677276,-25.775757675669972
39,CH2735,1.0,39,6.8485781642737,-33.86088503917067,-5.291376535262389,-1.9752953360652725,22.02049714282063,-7.147116343442839
40,CH2747,1.0,40,22.971509495494388,-33.063098076121825,-8.201525368374421,9.62923760149892,32.31002909212131,10.108750398798925
41,CH2748,1.0,41,4.501090720475976,28.70327391631859,16.74697744310659,-0.3558950618823342,-58.2645070612525,20.648867926800627
42,CH2756,0.0,42,-42.86682816044754,-9.095663462619575,-6.646312598708473,-1.4237028610432096,30.05125619030275,5.403491849493044
43,CH2764,0.0,43,-5.677335780722993,-17.352777477894627,-2.8887506257558266,-3.5010132509412086,13.200600397524,-0.5895878232969238
44,CH2824,1.0,44,8.342340424561984,-0.3434158155662078,-0.11691317629224529,-6.3845704639384575,-24.502003800838,-32.60853373697395
45,CH2829,0.0,45,49.550011156946205,-50.58899538983448,1.7521075883318673,-6.3447705059966335,-29.526268456783107,-37.734533903145945
46,CH2848,0.0,46,5.762265087119452,-8.766056850750424,-5.30444805054603,-4.678503959421233,25.600383747422207,-0.5498083017932416
47,CH2860,1.0,47,48.917693032104104,-8.203636959157471,-6.4413520755389415,-5.749711589341643,28.750524216634624,-11.755995203841131
48,CH2875,1.0,48,32.97065851288232,-24.78363965867926,-7.288120021219825,8.63685159664029,29.24771337240889,23.76835763028813
49,CH2922,0.0,49,-22.518696210896366,-38.223576947223776,-0.19600642578018346,-7.061532680289991,-23.029306855999167,-19.964146983614526
50,CH2939,0.0,50,19.294147034906008,2.559295445007821,-5.617403489891725,-6.24932501296391,21.5066055856149,-5.3193280962771325
51,CH3173,0.0,51,-50.74470890674123,18.915912871665377,21.441230294853522,4.3354223428500696,-65.44905095191027,30.06811876622819
52,CH3177,1.0,52,-14.102569298705243,2.7402782126043714,-6.79605911652418,-5.404827911093481,28.124274804444397,-3.236359670183269
53,CH3290,1.0,53,-23.179258353939055,-11.176073708177398,16.665164793418317,-3.8978272294018126,-62.94526852952938,24.25828184257262
54,CH3325,1.0,54,7.156091399318558,-1.858556829220915,-4.621255983936434,0.9281114833533959,25.64460437265342,9.265757834529865
55,CH3462,1.0,55,-28.148114872322893,3.1199403104895636,1.3944090953973105,-9.751426838970847,-30.342760954865998,-45.729905600008266
56,CH3466,1.0,56,16.156819729136654,-35.14114523251961,-6.021940654349229,-1.2688142437916605,30.005781581428856,-0.11306393633224587
57,CH3484,1.0,57,-43.88580153798028,-1.762644955200041,-4.039892273628816,1.6462447078052769,29.554264754450045,10.504331753799562
59,CH3570,0.0,59,-50.77472577573052,-24.91897160756237,-6.35171976371192,-1.5890500131255312,31.644028447019544,-10.653316194402485
60,CH3613,1.0,60,0.599922330391092,-16.2344411568912,-2.8993344778047416,2.8315259524977474,21.002541818046737,14.373282367794381
61,CH3648,0.0,61,1.8383159330487804,0.13386647138921845,21.141672594352112,5.003998589259618,-62.92518297207806,27.366148449528943
62,CH3797,1.0,62,-103.78206140879979,22.15676764253394,2.321132574918514,-4.532604203091639,-29.87800755931948,-27.621864064964477
64,CH3906,0.0,64,-86.36974896139978,-22.277474296509393,-4.263521018240101,1.4920381852915803,29.06561551951018,9.083238349441174
66,CH4083,1.0,66,-59.895638806425694,-11.030462759257741,-5.353186227391292,-3.0060144085334413,24.332691510198806,-10.123700613618077
67,CH4411,0.0,67,-69.43219122033942,16.542182417505657,-5.543496093150152,1.339368449281677,25.01328383970848,15.346654187721732
68,CH4418,0.0,68,-36.48198588880441,19.29746573955271,11.188482974700808,-0.6913809970635807,-54.34503025799407,13.33791786828968
69,CH4433,0.0,69,-48.291988670521896,-1.9974045566999143,-0.5543658778112259,-4.154676457836616,-17.614615926055926,-16.89071202016575
71,CH4443,0.0,71,-95.10469141840812,16.768924998916365,-8.504430574858908,9.534738138778662,32.20899194918711,15.140409874034823
73,CH4489,1.0,73,-28.236195041223656,-23.507273479483814,1.1080375569217487,-9.008277022961375,-25.26010759155932,-38.18047726735045
74,CH4509,0.0,74,-81.2805847117499,-7.127625798942331,-6.6980348800364276,-1.3360881568535472,31.067029458386948,-4.653108979244301
75,CH4520,0.0,75,-73.94320147168814,-18.944089652071145,-5.877310895992816,5.741748875179855,26.546158906601676,-0.4614835185117343
77,CH4548,0.0,77,-43.98071920310496,-0.41692092414846316,22.246451389621765,4.270050492348737,-65.13286877453844,28.695760666995177
79,CH4560,1.0,79,-1.8956860027569251,-2.669138777773803,17.41240346918726,3.945075868430518,-56.095492538074325,11.472900000450458
80,CH4584,1.0,80,25.283893613785125,-15.545155895845028,-5.2383437378274245,-3.289076191482998,24.408421998727768,-10.365609656702816
82,CH4602,0.0,82,-69.72107244604733,-30.847491875986876,20.23584132521596,4.0528509176271506,-64.64193891909379,27.994720968748716
83,CH4634,1.0,83,-87.2976936447055,27.026797444727617,4.047540568741367,-0.41773109178355483,-30.076925942789067,-24.124308756612322
84,CH4681,0.0,84,-95.01978744813057,-18.294274356092508,-6.363162065485976,-3.0836384749965067,29.556669618441298,-10.170915194212746
85,CH4684,0.0,85,-49.38201634265576,-6.348729605517281,-3.7705709835088523,-5.5449997250172816,0.18277206742591545,-15.252278323669067
86,CH4703,1.0,86,20.087128788846677,-1.9701669500656545,-6.039674323244917,-1.972731239570808,26.315219180303544,2.590161655256537
87,CH4704,1.0,87,-30.337146580969634,-28.72029538353821,-6.020441617377244,-3.744119359323654,27.884009222221472,-6.555698818456527
88,CH4733,0.0,88,-32.8978057276155,17.543282190315033,-5.275997543683098,-0.2857656186895774,22.34919727740874,14.090373389192173
89,CH4745,1.0,89,16.17368069666259,-30.592266984549887,22.09525512496096,4.546674834901495,-65.15778700177182,28.74668099224379
90,CH4755,1.0,90,44.13567143323706,-28.924779091007455,-3.954371691633247,3.7920312834456738,28.595372654773705,6.8746698794446175
91,CH4757,1.0,91,-13.252481811072537,-18.847329673013473,1.4038728568250893,-7.381019318917895,-29.079681529925196,-45.87770347942322
92,CH4766,1.0,92,26.75043150206025,-1.4329090658557277,-4.323961699046292,-3.4551406603887145,18.931528874131097,-0.2725583315443174
93,CH4780,1.0,93,13.734734938423355,-8.052475928446473,-4.643019148191939,-5.5895150980062,10.313608357133312,-14.326323370422116
94,CH4785,1.0,94,8.332420530585217,-24.792117178320865,-5.321778273733711,4.893905558626981,26.5165521170237,-1.329994397913623
95,CH4840,1.0,95,-6.390699423320425,-42.72296345632746,-3.5627242129450756,-0.43090371357844326,24.71957528751667,12.392061371103743
96,CH4860,1.0,96,3.7114706064987746,-30.193686625014056,-4.0314599693759705,2.763670538476388,29.076834289069126,8.164217783103723
97,CH4862,1.0,97,31.60898579687942,-4.925449817075556,0.9452717414208194,-7.099066962414909,-26.340308514245702,-27.399678898742057
98,CH4877,1.0,98,33.674552940596584,-14.369839038623335,4.513259870656667,-3.2197697704169395,-38.96437285719617,-10.428340522095326
100,CH4891,0.0,100,-28.618478059545755,-9.720445464885634,-4.460677766623121,1.8971204711054224,28.991299970652037,10.092259311893898
101,CH4914,0.0,101,-124.04797110136158,-20.319805673089302,-3.0148303257268534,1.698123876188797,19.610458465552924,7.8833888579692655
102,CH4916,1.0,102,10.091690138066278,-28.752149844897346,20.86338811789783,4.539150367248698,-64.57393413511639,27.825783177935854
103,CH4990,1.0,103,-59.10415786489978,37.53478829547584,-7.891484203879228,10.182983120334194,29.17210884498295,23.626600924020103
105,CH5022,1.0,105,-8.599840353534981,-14.439126802192506,19.73846822663016,4.814288003804746,-56.45770726974271,15.321031633629339
107,CH5066,0.0,107,-15.042661487349323,15.374289130235383,-6.255530510567416,-1.8584883939788073,28.77870497349285,-5.8403191695131085
108,CH5159,0.0,108,-28.785773804485036,43.514092872357175,21.42154618774313,4.203331317277755,-63.158558168497045,24.43975270539955
109,CH5174,1.0,109,-50.76955260254755,-0.3855530597939168,16.45893235368258,2.239018267946985,-57.11131784165947,10.16069354102774
110,CH5182,1.0,110,-8.047906130027801,-15.566971597740421,-5.007298758199955,-4.862821683167941,25.96604786844268,-7.435667309140818
111,CH5193,0.0,111,34.63757639415816,28.22791424880922,22.06204257807126,4.3092474418793465,-65.97944883253878,30.43691450775649
112,CH5206,0.0,112,32.25576402166499,43.49143607749864,-3.1727985023954672,-5.651245850508293,-1.1819851115423958,-12.474443644979608
113,CH5262,0.0,113,50.21085247499392,-47.44793969516791,-5.8720477394665895,-4.185695874844762,27.270347917069294,-2.653712931899797
114,CH5267,1.0,114,-8.763646899579404,-34.268167080970265,5.654255689274483,-0.9754672009353609,-33.2188568916778,-24.373129998932356
115,CH5291,1.0,115,14.546010826763522,-31.108917655435906,-2.6696429008255462,-3.2291953652172394,14.91077423571484,-6.145846056897007
116,CH5334,1.0,116,-33.427547864260355,-21.01633544491039,6.55311961010215,-2.931151007069194,-37.66378921872852,-16.583310192294142
117,CH5353,1.0,117,-35.36803130208549,-2.7055387475602126,-5.969162684128836,-4.05220049030529,22.316639362176517,0.3145281299484708
118,CH5356,0.0,118,5.212325955529452,16.869141410836086,-4.489573954563916,2.003115691825295,25.135810776403474,7.998655612255462
120,CH5363,1.0,120,86.46534224050939,28.513447801140106,-4.985764884036827,-4.016913338100313,27.094978167687394,-1.1257595258723114
121,CH5387,1.0,121,12.128931615526739,-23.486601332265835,-3.157395983739666,-5.776509018309548,4.635710014191517,-22.322731587712322
122,CH5432,1.0,122,61.73104887365549,26.955338201098062,-2.8895449119387218,1.1157161616745466,16.863518526009948,-3.7574859478935636
123,CH5462,1.0,123,-8.653647646905013,5.746129045137832,1.1910808931981807,-7.050035691108076,-29.668253825329128,-29.285436454420324
124,CH5464,1.0,124,-32.039704345623,-19.436418098560182,22.162576638185975,4.496199931712974,-66.1701158561862,30.38515200238208
125,CH5478,1.0,125,18.01942604883651,-6.373005531837334,-4.097911714962521,-0.395833089253836,24.156352238120228,-2.1585291249080854
128,CH5548,1.0,128,30.977749241012454,15.471059309100806,-5.404626989900053,-4.082324879217979,18.4459842041313,5.344988971632958
129,CH5550,1.0,129,36.9337602829339,-21.668008016717422,-5.450420875783609,-2.054757441775931,24.408541828420717,-6.890649704086805
130,CH5551,1.0,130,19.146842048180748,-37.405929483423755,-3.904699175670168,-1.00111691402872,18.657598018977332,14.915268491713341
131,CH5591,1.0,131,45.19289467484599,34.89260543185839,2.755144156443813,-6.788578105596274,-34.218501031723804,-25.796656565067853
132,CH5596,1.0,132,-23.207140544346693,-26.45881981173377,2.6853723296800664,-6.233735716752562,-28.22118644400614,-30.27846084887674
133,CH5597,1.0,133,-0.035936507691570606,-34.41899378672432,-6.35769526895247,-2.870051667073729,27.817386091998863,-7.452173104276206
134,CH5621,0.0,134,-4.452890196823977,-31.21216334711815,-4.900170694428399,-2.9571505496332184,24.299410664890615,-2.6112094594159245
135,CH5638,1.0,135,-22.813092447652654,-29.720503090644062,-4.586545765652874,3.3292066329857057,23.357094345963425,10.457906040215562
136,CH5666,1.0,136,-20.62139052295149,4.645551743347181,22.184376563155105,4.261619501487296,-63.789652289615425,25.053710856693733
137,CH5688,1.0,137,61.269532510926794,-6.97463848291665,17.118820444128406,-0.7884058782903782,-59.459287749260916,19.40233951099406
138,CH5695,1.0,138,44.11396853819291,-24.434874766874472,21.78729855390098,4.4834847953038075,-63.436866525056445,24.442143212823204
139,ESP002,0.0,139,-43.220242424865354,44.08665653674426,0.3633481086675352,-7.834738599067133,-24.791396338405562,-31.33739476589341
140,ESP003,0.0,140,69.98020102164986,39.7945253742733,-0.5575191107569057,-8.355093648216375,-19.343657491247615,-35.437291162023726
141,ESP004,0.0,141,-53.630344628467405,13.29148594300636,-0.6324153895439761,-8.28172002439951,-19.359274146235165,-35.470819623902116
142,ESP006,0.0,142,-19.083384609950333,8.744614497516293,-5.562583187846848,2.772457377909742,27.4457618797492,6.132635114986911
143,ESP009,0.0,143,-24.586096040459164,8.833021181230697,-6.031050857977668,-1.5828196107938863,29.02547338352,-6.886877706948887
144,ESP011,0.0,144,47.924541866625745,72.05737092630315,-4.4467194977789415,7.075314186080602,24.041774641757044,17.3111041839851
145,ESP012,0.0,145,-23.08968208881577,15.136255040613289,-3.9958735930127345,-4.082902889620378,13.362878086403406,-5.227710886658507
146,ESP013,0.0,146,-47.05495804851745,8.49518379230735,-5.0805061022237075,-2.622796831405026,15.754620520180481,-4.7121412542396826
147,ESP015,0.0,147,-34.65694811011422,22.656793434432267,0.8625257014793872,-7.919431233478761,-26.288719579957554,-36.49933223540441
148,ESP020,0.0,148,20.32897468619508,12.09375709068567,5.037417535509443,-7.440423264490022,-37.52764678818464,-21.455460115456475
149,ESP021,0.0,149,-23.351615576819047,-40.42111430164833,2.4565554659580773,-8.486788231224791,-28.285119209452866,-49.56474997255825
150,ESP022,0.0,150,22.360575319546342,60.20555936241929,-5.552868596481639,-1.3375286647078841,29.561169172187114,-3.0345198651045635
151,ESP023,1.0,151,-16.858363503970065,-15.65242937799528,-4.190915098911235,-3.8983109999875785,18.28867956790878,-2.2432408021520445
152,ESP024,0.0,152,-19.22114104963737,-7.127690043705834,-5.453464092369327,0.14110314320574702,24.327719263368188,13.836469825681291
153,ESP025,1.0,153,11.87037495097372,-2.5129405443277673,-5.954892282747817,-1.8569643776846645,28.90925172474563,-6.526942533901789
154,ESP027,0.0,154,-6.329677559944182,-26.362407551693284,-5.492444671301067,-1.847793068124144,24.388778787210292,-8.19167750453694
155,ESP028,0.0,155,3.469893506788598,-37.016525669846736,2.4513726169390564,-6.4174530442341045,-28.962339260506457,-29.99120656973518
156,ESP029,0.0,156,-11.40265967190036,50.81182374579454,-6.242430573824205,-3.2911356671190246,28.329657228531843,-9.055432804760535
157,ESP031,0.0,157,7.136231688645013,23.092321174660363,0.6907089137015392,-0.1475717315417544,-5.703178751099941,-4.8418685980545035
158,ESP032,0.0,158,-34.41628124592785,29.530187901864647,-2.412976973937362,-3.8869592795983703,10.23706105300392,-13.281297385726454
159,ESP033,0.0,159,-14.191869643892186,8.281022193271394,1.3885375251551975,-8.004292085861708,-26.334730696127767,-36.50400322477876
160,ESP034,0.0,160,-5.916290991249113,-8.595421300328315,-2.7927955737542787,-5.240068361231625,-2.001320108786743,-13.521289143027637
161,ESP035,0.0,161,-9.201266536301707,-9.356801804419879,-6.009907470447707,-5.294125099231234,22.169651861313383,-5.4213772256664825
162,ESP036,0.0,162,-4.8135565424247355,-10.276372422364208,-5.194214011791987,-3.0230857361730035,27.554554688468862,-9.437935238076122
163,ESP037,0.0,163,-26.25135899800476,-3.4377484974395864,1.6520488510227676,-5.87955884064578,-28.73499359854347,-31.777038717013546
164,ESP038,0.0,164,119.46925110293618,19.183054162940117,-5.441410894936116,-3.697374729051253,22.497778224749005,1.8666918277321258
165,ESP039,0.0,165,112.51373636562805,62.372624382753116,-3.3646776455154876,-4.467903817830121,2.204066905624259,-9.577606961037155
166,ESP040,0.0,166,99.59836880462335,49.914781318227575,-3.3584846907506165,-4.407274847180161,2.170204639403636,-9.706588274323316
167,ESP043,0.0,167,79.8232548230918,70.47474490771742,-4.336324743233865,18.829448760127256,27.02601806753114,13.36521743726216
169,ESP046,0.0,169,-4.604912309041451,-9.921242339377544,-1.0017558680527614,-7.498645151291612,-22.270709265542354,-34.45534438065544
171,ESP050,0.0,171,9.94751543242564,-29.063935989515638,0.8790716562990233,-7.537460127561705,-26.739318651565192,-35.93254128283732
172,ESP053,1.0,172,-27.737386624369293,39.093481775127,15.751216009718402,-3.3348682029255468,-57.635261393791836,8.478146649400642
173,ESP055,1.0,173,-2.1932452080506954,-25.987042759134866,-4.21181821877313,1.2913163350371555,26.31019268123218,6.079616791056566
175,ESP058,0.0,175,1.916851102586057,-23.349543912704835,-6.690817295962227,-3.029534615935219,30.767902268513815,-8.115712562484028
176,ESP059,1.0,176,-9.231228490500623,-32.2046971707463,-6.881078705496431,-2.2133371929717898,28.581765146302445,-5.380620666486088
177,ESP060,1.0,177,-28.222506838243277,-9.723374734123654,-5.234504429634124,5.31355771831039,23.12638289017486,18.19568553527413
178,ESP061,1.0,178,38.67439910811385,59.41108004603924,-4.3755303290335,21.396722383584134,26.09645829949004,12.305067942056901
179,ESP063,1.0,179,4.977713041892508,-11.353144266646884,-4.8319701623129365,22.10757020310743,26.57497769379043,12.659138611492054
180,ESP064,1.0,180,-9.208353920692556,-34.79681191743077,-4.406865981578591,6.2342113918578725,19.52010216388104,27.899357963561748
182,ESP067,1.0,182,-116.62482066934439,1.4815674443349212,-6.574670602650318,-2.237648977604933,26.193360198176116,-5.544093514357883
183,ESP068,1.0,183,-129.16011754693957,50.57373371938081,17.53546624218075,0.08535881907889475,-59.6842037601433,19.66797909304092
184,ESP069,1.0,184,-109.8604086010267,37.25544028751717,-4.581019664252751,6.536428718704313,19.76150817449718,27.147301295706292
185,ESP070,1.0,185,-78.22768664100877,2.3015582195932156,5.978493429662916,-0.407286469759331,-32.63409156533664,-25.76045289803264
187,ESP072,1.0,187,-92.54104033313945,14.151434932738466,-5.7422555552531005,-5.716973300587198,24.1930586041467,-8.029280532368773
188,ESP073,1.0,188,-93.96338608535785,-4.0036479429468494,-5.745304836028345,-5.618937426427469,25.20965018643551,-9.97758741585588
189,ESP074,1.0,189,-99.67034803889597,2.788643100707019,-4.549776748960334,21.579025339484467,26.543443371556172,11.730421051764857
192,ESP077,1.0,192,2.7901142787655426,-6.082528504754365,-2.7047418742077745,-5.951462684738803,-16.63165167199895,-24.06205773766549
193,ESP078,1.0,193,-16.76184080097644,27.299908118262632,-4.499318770399198,6.301152994442953,19.46335901454198,24.973617525147098
194,ESP079,1.0,194,-47.285504990778016,22.57514341018668,-4.632458371063471,21.941326471605805,26.657986535708986,13.149241316532517
195,ESP081,1.0,195,-71.87947741256916,19.12545627978419,-4.878995542293612,-0.2125778105127356,25.70756974550887,2.1719239577262215
196,ESP082,1.0,196,-70.14345981656531,28.861772411519524,-4.6347608446013036,22.128401623168784,26.737716266482643,12.021642680474372
197,ESP083,1.0,197,-47.604458192587295,22.848979095882868,-4.701938291690462,21.88106861713807,26.894940216680773,13.03090316947921
198,ESP084,1.0,198,-66.60701963091512,27.883558712741166,-4.551678156566077,6.40196399859917,19.144020329540893,28.16374881273402
199,ESP088,1.0,199,-53.17942270843148,19.436409111468773,-4.825192861026936,21.680105276936978,26.46684269573022,11.56858252219562
200,ESP091,1.0,200,-30.197514688113827,21.3444781437299,17.41380553277227,-0.37950513334073754,-59.06356672681156,18.077126576926098
202,F1688,1.0,202,14.709976830393334,-11.38280865289349,-6.221406598964184,-5.235115552077879,27.607730145140472,-10.899444909373244
203,F1689,1.0,203,-5.869121249924105,-36.319432984494775,-6.2378452399753614,-5.394816986490035,27.439194327200866,-10.699710336642212
204,F1697,1.0,204,-2.2963000174078574,27.435458195399267,20.672358692135514,2.9661647535341054,-62.92015382045545,25.099833356940813
205,F1706,1.0,205,-23.84777629049565,-18.096885420173393,-7.866936938982367,-2.9219755735493935,32.798914866065196,-10.189798504311213
206,F1712,1.0,206,-28.05573195487648,-4.138713895784243,-4.499233650201557,20.582031687172154,27.035145366192523,13.379267703123901
207,F1724,1.0,207,-23.27698740808709,13.986297355940858,21.000363322806763,3.084754688372934,-64.17076671411871,26.954043882796192
208,F1727,1.0,208,44.36649853411962,5.742733605754827,-5.630322871391858,-3.299366492553639,27.703860730665745,-8.222880140369192
209,F1741,1.0,209,-28.776097767389384,24.85609159632851,20.560441263734614,3.1016703346257604,-64.57990210189095,28.03223792371255
210,F1745,1.0,210,-38.65762957072505,7.511706663440156,-3.7300047674568058,19.410793307041878,26.966390103100572,11.002261859317159
211,F1746,1.0,211,-57.73887396362459,44.545696643176875,20.719402493196256,2.8879774107004312,-63.98453716995402,27.147723397512827
212,F1747,1.0,212,62.427762621640625,28.86625188823279,21.1794695835053,3.1016573584138047,-64.14250689114243,26.86963687081647
213,F1748,1.0,213,42.15702739963899,9.36709583379559,-7.9695462781074236,-2.8934901462978475,32.78764312249847,-9.926684888183061
214,F1752,1.0,214,35.33895750074449,0.6213018582028775,-3.9091145443642135,-1.7251063102606912,14.18561128343842,21.967002025068787
215,F1754,1.0,215,10.952639846840029,39.04680814826928,4.675746703003115,-7.143149567997698,-38.41472175282749,-17.01556476793504
216,F1757,1.0,216,-68.72061031106567,22.561423628767983,-4.036574661221447,-1.7926235858911648,19.405184851167064,15.543080912449192
217,F1758,0.0,217,99.04605880517025,41.65250873350077,-6.121260507164228,0.9056800779677463,25.437534677289122,8.07192587907739
218,F1759,1.0,218,-31.769224644481344,-37.59452525210678,-5.229833153632528,-4.99308248352291,24.181478222516475,-11.486831329796814
219,F1760,1.0,219,24.24674358314147,18.361139120115872,-4.0115154822935075,-1.6626401375288493,14.419847904771437,21.76288169619243
220,F1763,0.0,220,33.64838006909286,-1.820698868781757,-3.3146270899096937,-2.8955851635967047,17.193506672160773,14.591362100581726
221,F1764,1.0,221,0.8253151000405798,-3.9272077765498237,-4.495865785163292,-3.92246039408992,21.93361057352388,-1.0311983624842895
222,F1775,1.0,222,-16.540826469174778,-14.905727233172566,-5.592304922165145,-3.253305921705338,26.815766764796834,-1.8885822915928827
223,F1787,1.0,223,16.728731978885154,-6.742203217943338,-7.046518846650255,-3.346655192556825,30.685829155819725,-11.06966920535784
224,F1789,1.0,224,-11.937596533194696,33.155183455603975,-3.856008608493661,-1.8125130191097254,14.868294937108821,16.86354279417295
225,F1795,1.0,225,-22.17979342622755,23.996490970640444,20.78716511786923,2.7953098321213403,-60.42993965478266,19.829554951873668
226,F1796,1.0,226,-27.58264700578966,-0.0006953508275157639,-4.139205108489405,20.56471524589925,27.18053710226655,12.400584299619418
227,F1798,1.0,227,-39.22058558543319,5.481584253530746,-4.2603334530482915,20.516362422205702,27.12002228850551,12.34723121886659
229,F1801,1.0,229,-64.51633199354477,17.601346469899546,3.375706818278533,-1.6884358573265317,-30.91169291082118,-22.84199102054994
230,F1810,1.0,230,5.515766209598761,32.034750316769085,21.16915198304341,2.9049256366475635,-64.21820308247058,27.15593455941667
232,F1821,1.0,232,-51.170258337028805,26.013110318162504,-4.031777385471283,-1.7206949660280344,13.976152008170509,21.34848284658822
233,F1823,1.0,233,-0.029370185404119994,27.90036468111399,-9.079420494629256,6.155214278423067,30.180867445976247,19.34034867922646
234,F1853,1.0,234,10.081792770353323,13.951421551870805,16.102997639337854,-1.9720170899643712,-62.079825522791396,23.018127217134754
236,F1864,1.0,236,-64.33101944430219,-17.02911927978106,20.957505529949948,3.0706420231669327,-64.30587983142857,27.1144193701901
237,F1869,1.0,237,85.50447772762453,-14.482600456186645,18.762846963465925,1.2154074876215422,-63.45331297065097,26.814388826066384
238,F1880,1.0,238,48.63493804647842,-24.20366710746559,-6.199299274911642,5.849400561755724,29.969024917372778,9.999059565828361
239,F1883,1.0,239,31.13528562991956,-30.467554922285796,-6.072495411136982,5.767596251463395,29.465053290975654,8.884073149302985
240,F1894,1.0,240,-3.7867822141354,-31.07223079270385,-5.888456297136797,-1.7194607645622533,23.36127822492405,7.379460880370033
241,F1957,1.0,241,71.00444728313127,20.390234530550163,3.412947683441308,-1.7316502750479659,-31.05291417112236,-24.579097315274442
243,F1979,1.0,243,0.13681762050611335,11.40613459569108,19.449555943036707,1.9043858506359896,-63.187607238590985,26.038642268579686
244,F1983,1.0,244,37.051793862109044,-1.1600863873023963,19.31302482576183,1.7421080779663782,-63.27742265131121,26.320738668563088
245,F1997,1.0,245,-2.6480141205824355,-1.5926875879937572,-6.654183161069286,-2.5350246017909672,24.38247866026127,4.305458391804287
246,F2000,1.0,246,-32.94835600154136,30.375132390259218,20.511607142667785,2.9779143233830307,-64.14232266815299,26.861151171111523
247,F2003,1.0,247,46.30540957274094,-15.593131818250122,0.8118530814701619,-10.69513108582682,-28.226358812572457,-50.484623683463866
248,F2005,1.0,248,25.49777028730597,3.0689895648015892,-6.597361831884091,-2.742869075702692,25.125129387087746,-1.9465063388790895
250,F2010,1.0,250,36.579569105124186,9.01737502148635,-7.160048946689123,-2.396590701117124,27.491315577169033,3.707740124836441
251,F2017,1.0,251,35.42710825113021,-33.98811546782421,-8.575866569338134,11.38387645247075,28.929833456427048,23.309638714115444
252,F2020,1.0,252,-9.85688956323329,-10.691512031110198,0.703109374356123,-10.598034275239545,-28.157635889926357,-50.70752566622993
253,F2029,1.0,253,-8.149050149956107,7.5295374520271,-5.4886479814737275,-0.3422820382793734,28.00902995527231,-1.0722292656599848
256,F2035,1.0,256,84.19521110340679,4.480011348752517,-8.579638738505029,11.35905238746957,29.091887668301055,24.376956113598574
257,F2040,1.0,257,11.103497381420324,5.175138218916469,21.020967712898827,3.0164480313009605,-64.4068151045352,27.67329851812932
258,F2044,1.0,258,31.443348055101797,-28.39636899460312,2.045709734299834,-4.2647688552991685,-28.697157272579968,-19.842361840028865
259,F2045,1.0,259,67.19295041644811,58.9416778185897,4.714859227754485,-6.866115877597334,-38.36437918088935,-19.85151932165731
260,F2054,1.0,260,-24.30784793122008,10.42713367258982,-3.9030800952210187,-1.8979432344688743,14.664456577796386,21.037439559993594
261,F2055,1.0,261,-9.061706549934225,9.628491026154887,-4.490835432481541,20.277854538955026,26.973720412675675,12.570673816527048
262,F2056,1.0,262,-3.5951821826483337,10.707787009710069,21.257323112488116,2.922227208488021,-64.09563097935475,26.359775037327104
263,F2059,1.0,263,-30.25773202892508,11.62320160869029,-4.341350895415565,20.18741262627936,27.237202917559138,12.508536402513542
264,F2064,1.0,264,-37.41766742422802,27.73311932431475,20.796066642718333,3.168247692308574,-63.49648701402407,25.834436537851026
265,F2065,1.0,265,36.85307969774817,25.74563223253339,-7.611164377667394,-2.8953194252070285,31.910478310118627,-10.369919271909573
266,F2073,1.0,266,-2.9656514858830136,-1.3984138151499435,3.7611369884254495,-5.633568037062124,-34.37555961246862,-24.323912998957272
268,F2081,1.0,268,-9.731165384027529,-17.93992814963716,-8.129494599393905,-1.9373158138955047,32.79681383696772,-10.963760662591191
270,F2093,1.0,270,-36.703811167847604,42.52127305730942,-7.722983411507511,-2.8023307423732833,31.574713456558193,-10.36550912573243
271,F2097,1.0,271,-18.39340727302098,-22.294415447095993,20.8884263322579,3.162407702524705,-64.28594587868913,28.110812108491892
272,F2098,0.0,272,-30.314192570555168,17.085058666038762,-2.924322088661842,0.7245257467643818,18.19901545149856,10.055935801456464
273,F2119,1.0,273,0.9894933599074931,-23.99128611146746,-8.207259815749584,10.671469637324995,24.78514880806076,22.049381937591654
274,F2128,1.0,274,11.354913330852543,1.5812591171449364,-8.080797005600688,-1.8246078288054193,32.46481949915154,-11.109422921141181
275,F2137,1.0,275,96.68461204394373,54.032701180320295,-8.526162772102799,11.319942931865219,28.60948392036027,23.121159886435102
276,F2148,1.0,276,-20.905523330676626,13.697843277309344,-8.53324552354889,11.371252779956881,29.001767309409708,24.18461405330445
277,F2165,1.0,277,106.89935645302094,59.75771253801089,-8.522478620966075,11.331464628911315,28.855146829445978,23.627183166014582
278,F2166,1.0,278,-4.64021301968693,-7.236206947933726,-8.484710077952109,11.312822337968422,28.92112599610457,24.56886073884693
279,F2167,1.0,279,14.281193330402624,21.848514195265352,20.509376763791483,2.995786618209042,-64.1883927766696,27.3904230620928
280,F2172,1.0,280,-39.48374271148153,-6.2606933224754036,-6.56296861766102,-1.9835850367120864,25.25036587007441,-5.826945677252375
282,F2199,1.0,282,-16.272104212092408,34.52709838018972,-4.168331480591218,20.214835758954834,27.188010096303202,10.955156010667103
284,F2208,1.0,284,-32.480122294781,40.5128231972304,18.85071151393382,2.7352176343908337,-62.97703716785778,26.12087689367427
285,F2230,1.0,285,98.79218434265839,60.406527974609766,-7.346108313678531,-2.6524862486968654,27.84546579813707,2.3751809188298765
286,F2234,1.0,286,48.87723527037303,22.323199960586592,-8.42624430204268,11.394697815554574,28.751188953162448,23.712134741762277
287,F2235,1.0,287,-15.876728067969337,-2.7138916227629566,-3.7463951040003094,17.83270296113033,26.397164465919438,10.596112675481791
289,F2240,1.0,289,49.62792352412736,18.51054036304819,-4.182817378763711,20.069530710744253,27.152646067573386,11.073815921005625
290,M70563004,1.0,290,33.456783287716554,41.014776217731935,-4.57927266816685,2.402050372616687,22.32327002515388,9.201459354946103
291,M70564993,1.0,291,-15.495750424505868,4.481793659905166,1.2517924761801424,-8.334007318880708,-29.327563817685142,-25.099308802721847
292,M70565254,1.0,292,-64.87308311921107,22.69863661643058,-7.609240025137547,-1.9123701927528334,28.46965278564999,1.7283507421630588
293,M70565897,1.0,293,2.924111288873198,-5.3833571473373985,-4.457316730871565,0.0641332883601855,28.321112723228296,2.5383229686723183
294,M70604538,1.0,294,18.839352627435005,59.42244603774113,-8.19367792742445,9.594386937903126,31.665151943005966,17.90326861164035
295,M70608424,1.0,295,-88.77281751348286,68.4933929429024,-8.17541795161478,9.69077938040416,31.55297567961174,18.042080545523
296,M70635118,1.0,296,-25.009611927255758,19.498460050429202,14.771582429256604,-3.4981308185479145,-60.82550720823233,20.897736452348035
297,M70638412,1.0,297,-4.7967916930870995,29.22212146203546,16.534378876590374,-2.742147565435835,-61.14043949532963,20.216814155793593
298,M70639645,1.0,298,78.8531343246228,-46.04789779129163,-5.560223900429804,-5.1071228706988485,23.11576553202105,-2.082961345843799
299,M70640096,1.0,299,20.030477586054477,7.772263892827273,-5.470374457721662,1.903327773482923,22.739643285408967,17.296906798117412
301,M70646050,0.0,301,129.02081757318305,36.86343823753306,-6.611610657876033,-2.6324901063441146,25.38041324373225,2.3760246640688436
302,M70646077,0.0,302,63.23520583042124,8.36089932585466,-4.369689145297987,2.2388467668174634,23.47006543249647,4.845954405735284
303,M70647319,0.0,303,53.931328680353516,17.934731511102612,-6.279663901477102,-3.1310456975030627,28.24432737816877,-3.1694662952577843
304,M70649365,1.0,304,4.165932232572215,-10.256409903003028,-7.2453144336644,9.037101531802636,28.668813176362363,21.56745820950247
307,M70663247,1.0,307,-22.074083483449765,19.5881000078565,4.3381387619188505,-3.5139668251836564,-31.205607261134517,-22.95970717602281
309,MHH0426,0.0,309,-67.2203066050819,2.520335463692673,-3.3044930296110553,3.216040832739651,18.9736565392949,19.867208563324404
310,MHH0927,0.0,310,-58.76562989402356,24.82166709797761,-5.751190311772007,-3.9146546966966174,26.64529142878527,-5.937753913375772
311,MHH0985,1.0,311,-74.61823795654065,24.66780846151715,-5.046566896782339,-0.02355864941022645,25.68884921591735,9.278063572848822
313,MHH14929,1.0,313,31.693608649287953,-9.858372438787113,-6.0779692553182425,-0.5936584999682797,24.192076179495935,9.216584761039748
314,MHH14990,0.0,314,-16.287519344292093,20.355846684584066,-6.375612229566022,-4.837568491513112,27.80003334019986,-10.454467001510814
315,MHH15015,0.0,315,-51.488814603347336,55.88454025188003,-5.875603410053088,4.308361824193531,24.741503139398787,8.88399295352999
317,MHH15103,1.0,317,18.192077829102523,-28.142133146440237,4.161531599670422,-3.793688822882861,-36.90916285666867,-17.218937945778308
318,MHH15151,1.0,318,10.882220065679352,-38.11695472158971,-6.085730537668909,-5.82342155846903,27.81050903368503,-10.031937022152064
319,MHH15187,0.0,319,-14.439762805233908,-36.83830807520161,-5.810644399759347,1.5165268899412894,25.207026330889335,19.067042795088803
320,MHH15204,1.0,320,17.808184404790325,12.127440682465322,2.227076616205,-9.164598408028153,-29.246681523027735,-49.737274199838055
322,MHH15275,0.0,322,-1.3830916025629936,-29.019383730211786,-4.697233710327913,18.705330845892085,26.93868367886332,10.949998967094736
324,MHH15817,0.0,324,11.811218358515367,-15.105756239163481,-5.211092875744628,2.7630285269198342,20.03587765740741,19.53039454049472
325,MHH16050,1.0,325,25.87513794584027,-20.591683241070932,-5.127237504126125,-4.348566687965805,24.437496944728174,-3.0790176441405634
326,MHH16208,1.0,326,-6.572057966145952,-11.412269062939087,-4.206887095271745,-0.31869807163757535,24.302002501530893,-1.8566547929692305
327,MHH16371,0.0,327,45.04458567525608,-17.454008556001607,-6.020713015656124,-4.297534079192147,26.51051854812132,-7.540191369766937
328,MHH16379,1.0,328,11.554361126313964,-18.663555443427626,-5.926263502033008,-2.7029036090733687,28.253186818690843,-4.660941170662312
329,MHH16427,1.0,329,-26.57876103502693,-12.235163931905976,-4.197382454307133,-0.24882335771221875,24.252608658513054,-1.8865919780613254
330,MHH16459,1.0,330,34.443226885514974,-5.578684714616768,-7.602258276681031,-1.229287494763022,30.742003356329356,-5.233646916835298
331,MHH16513,1.0,331,35.798136950977664,-9.15884972529951,-5.94040780951296,-2.6474848620848155,29.48695593983564,-3.0218974874181086
332,MHH16530,1.0,332,42.83412777784952,-7.859419368691347,4.229616564788722,-0.8371095106544555,-30.700227003108644,-24.647827984844653
334,MHH16610,1.0,334,-12.719388407312044,-26.90963267290772,-5.944697196457524,-2.4998823754895447,29.502698267429565,-3.0325498620368307
336,MHH16798,1.0,336,20.91673206115977,-8.71222839022643,-5.9662274722643565,-2.5691405413872044,27.936931165217814,-4.631875780673447
337,MHH16951,1.0,337,56.23739798872625,37.290154294418144,1.3422892114436453,-8.55368193288935,-27.12265997254433,-28.640993008202578
338,MHH17233,1.0,338,3.0474182767874205,21.345855658390953,16.088651012207073,-4.3507888737705915,-57.11330909307458,8.757602064281024
339,MHH17247,1.0,339,15.844076977261661,3.009215786713425,-4.694561874363204,1.1664643689657055,20.693088739161908,5.922545381208991
340,MHH17441,1.0,340,-8.517661411126861,0.29160151608095647,16.477401468931017,-1.053794237303733,-57.06284239273181,8.65653887654858
341,MHH17501,1.0,341,3.4838192282602085,11.944957959637136,-5.967758504297832,-4.253407969007106,25.1348602513594,-8.584920044091412
342,MHH17546,1.0,342,38.90293132766231,-25.612283253309602,-5.526353008236358,-1.8233092294601327,24.900697753042422,0.07835034005198338
343,MHH17767,1.0,343,-0.6435853699294558,9.258014891300498,-5.57048426528535,-4.078561008167549,26.43307468212759,-10.471792973362227
344,MHH17783,1.0,344,11.50380665179055,12.397965508569651,-5.813253392193316,-3.206210839109575,24.864758594407064,1.0100511897618887
345,MHH1883,0.0,345,-29.636600855380284,30.243544268824554,2.155849862789041,-9.137396214905733,-29.497032105851336,-49.894804195263546
346,MHH2419,0.0,346,33.75030465069524,26.860373373600346,-3.975466501754133,0.2578793657798162,23.592648654838058,1.6831575074984926
347,MS1,0.0,347,-77.31710315844389,-8.12115842124249,-8.507098446336592,7.236830230713329,32.44131028745444,11.529435531262195
348,MS2,0.0,348,-8.67434226351179,65.36722491970642,-6.672691523960304,-3.785919480608862,25.71668864832428,-1.7212694940441722
349,MS5,0.0,349,-112.45865406228985,29.978078745274544,-6.613142303454243,-4.15451707206669,26.201207905639826,-2.2226698672461893
351,PSAE1438,1.0,351,33.85564187887992,-39.73351288172636,-6.119007680784248,-1.5764924530200872,23.02047875884758,-7.82117168309933
352,PSAE1439,1.0,352,-15.285508452140311,-26.897879318951624,-6.230388126605481,-1.5026221078285698,23.479647209433523,-7.433774163468186
355,PSAE1641,1.0,355,2.5025049597489994,-19.716827984581375,1.1194359163485088,-4.77939792968669,-26.510630099153673,-31.986947136283362
356,PSAE1642,0.0,356,25.92314314793807,-5.840835200646593,0.22483322631904512,-3.378102004181767,-24.603732042951297,-23.875292617682923
357,PSAE1645,1.0,357,-24.633007385491794,-26.47131883183549,1.1115084269109397,-4.80802710619291,-26.484408032466476,-32.0072601539168
359,PSAE1649,0.0,359,-15.471590849068262,-2.7509800729770713,0.15465578744226072,-3.3965592031557836,-24.147415561692707,-23.477886965040923
362,PSAE1656,0.0,362,11.63591045043457,-21.333534538868253,0.08893160038987569,-3.4707109441111053,-24.42964384224787,-23.880397147277595
363,PSAE1742,1.0,363,53.14476290319111,-40.6204946196886,-6.0399772629219335,1.9105789511124502,25.463792805791947,6.647417672999019
365,PSAE1837,0.0,365,-31.820982851572257,-5.678697486110344,0.1600760680904596,-3.572952411293895,-24.436298250515073,-24.20262168071669
366,PSAE1872,1.0,366,-29.113722641267124,-0.19266158151880064,-5.334075782917352,0.8009498539409545,28.05641797809234,0.9448654869042272
367,PSAE1903,0.0,367,-43.234027620148716,-26.80490118635542,-3.663443450070213,2.18517089187298,27.776247463542333,6.418733100005603
368,PSAE1912,1.0,368,-14.720815601455497,-9.131802535715243,-4.946513110110242,-1.14401488288871,26.227509969610317,-3.1350066039013953
369,PSAE1934,1.0,369,-16.017927936902183,-17.56093596279192,-6.011711228958561,2.2180409216809736,24.51578819059069,12.12100121850127
371,PSAE1975,1.0,371,1.1149437581842894,-8.775147896211337,-7.9084532733471,9.149014541817797,32.48763313881238,6.773469663491866
373,PSAE2125,1.0,373,-11.880482892875532,-4.687586300228053,-7.967622629360569,9.272027904877111,32.439644819004585,6.314733999265876
374,PSAE2126,1.0,374,59.65744380924459,-17.704724703508276,-4.07808859939294,-5.0676546150830575,15.10423692619252,-3.718546124395381
375,PSAE2127,1.0,375,32.585835429256456,45.31052199188097,16.26564577989603,-1.0320465883504468,-53.90010214767072,4.279110377545464
376,PSAE2139,1.0,376,59.29556467875878,20.206568127049582,14.134582606432605,0.9041912093068127,-56.16456030003899,14.127325908774615
377,PSAE2325,1.0,377,39.38946206672606,-32.20211791174621,-4.0673566914726385,-5.038723717802054,14.935306804617646,-3.1494429752580757
378,Vb20477,1.0,378,-39.31259104484555,-8.646433850785305,16.697355924306738,-1.2908584011220547,-61.410921073397866,21.2258121860632
379,Vb3320,1.0,379,36.123224039934314,7.47020275405895,0.1747989343594858,-9.19747399652411,-26.481278076550367,-28.570233351792076
380,ZG02420619,1.0,380,-9.731609415427153,-18.12412597202954,-6.033495471345333,-1.0024809233362708,29.38657232461764,-9.759805781414961
381,ZG02488718,1.0,381,-15.517292850837364,-21.054795545780742,1.5334514974873694,-9.31906826546327,-29.458204205302767,-50.42617310132422
382,ZG02512057,1.0,382,12.08593749572416,-17.923537991423526,1.1624246265092064,-10.781010885486618,-29.493906968295484,-50.48062626149466
383,ZG205565,0.0,383,11.368572367655725,-35.90153025154483,-7.549620083948215,-2.6912950600208516,28.252190194875432,-6.442114342282615
384,ZG205694,0.0,384,11.178324621519948,-33.11086853382993,-5.593849370371965,1.479443836561444,27.949291089930462,0.9960037187352242
385,ZG205710,0.0,385,94.07849188121008,54.761265675111524,-7.397171893769393,-3.553606830253959,27.620150811520723,-11.697472860015807
387,ZG301975,1.0,387,16.650552505491923,2.8750412098014695,1.0459568055238035,-0.1141576888165794,-22.02575458901148,-25.092234155742574
388,ZG302359,0.0,388,-17.273040805813267,-10.40956542620981,-6.1838125886247095,-0.5087442629261307,28.093575990671866,0.4803663775898386
389,ZG302367,0.0,389,-1.7910976204580973,-19.391758374611918,-6.378546762367646,-4.303145988961411,26.398794806232466,-2.9231218495644313
390,ZG302368,0.0,390,46.649214217365106,1.1679634325672963,-5.071567874555102,0.7821283145486788,24.136411570995726,7.122034770184683
391,ZG302370,0.0,391,17.854068272454857,15.302598159046347,-5.583695393919407,1.6459584608326843,28.160351111961248,0.43466259929862616
392,ZG302383,0.0,392,1.5044315820539658,-5.36194726466141,1.3151493955753346,-7.65634913008455,-30.7521398769923,-24.996589684115843
393,ZG302431,0.0,393,-48.331820853059966,-3.381966834891348,-8.194917266347144,4.905000252450893,30.081773061076447,14.836404348111337
394,ZG302432,0.0,394,20.879082342677577,-45.96494203666979,-5.173192886886676,-2.1020184135275155,22.470105847473633,0.6616354359501102
395,ZG302442,0.0,395,-56.48329431071051,19.40078702928303,3.1005490643132774,-9.736593057560743,-31.627060259387584,-43.06797796516014
396,ZG302451,0.0,396,131.2553695529363,15.637217905436804,-6.099429617295454,-3.0634423477573502,24.425517456742696,0.6644999051554024
397,ZG314696,0.0,397,-18.121081773628887,-23.154417926826103,-7.206478753679907,-2.516547558660891,28.039118723552725,3.007770947939065
398,ZG314738,0.0,398,11.850726260190457,-26.47520826942236,1.3154773489373826,-9.868842851328283,-28.21652274152917,-50.5273447787338
400,ZG316694,0.0,400,42.17669379985352,-36.72370676720708,-6.065859748379166,-2.811845221950069,26.1230182625141,-6.6294219351702495
401,ZG316704,0.0,401,50.39947209470676,-2.6387814095404862,4.273985887011761,-0.16922937368245172,-29.930633204487577,-27.628557251154753
402,ZG316716,0.0,402,36.207050515157185,9.750331676946066,-5.808666842042703,-2.529051832085215,23.513579105742373,4.889116306065091
403,ZG316722,0.0,403,99.49281743656435,54.907935547254304,1.4081268878314415,-7.385558680051916,-28.496594428194836,-28.889350926367868
404,ZG322541,1.0,404,13.610909423658114,-11.519793604301134,-3.3382967986949357,2.318188852663715,21.307595835555126,9.868378677003207
405,ZG5003493,1.0,405,7.351980927269986,-29.204823505742496,-5.260023212026788,1.0954876789291088,26.53038673097391,7.455286424353389
406,ZG5021922,1.0,406,-12.054395303922028,-8.50687590948259,4.6770902583036245,-4.261468319757268,-38.252981438254245,-14.056451730036287
407,ZG5048010,1.0,407,28.11685822631066,13.592922135138233,6.170213436884043,-4.248039736337526,-39.89666046523764,-9.57446777040331
408,ZG5051896,1.0,408,0.3088996425389306,-14.388058883540618,-3.5246363990448573,0.22034771158238264,14.213102302934516,21.795767105472628
409,ZG5089456,1.0,409,-13.287700624641678,-5.58137663067927,-3.0770853138421654,3.7056218117335966,21.945687781038238,14.857557835198655
410,ZG8006959,1.0,410,-19.835022989233764,-9.29538755677483,6.223545118104375,-4.194066854657541,-39.740269369438394,-9.861431622307968
411,ZG8038581181,1.0,411,-12.338569535743302,-17.155658557976395,-6.989418541838264,-3.180673306919,25.28845033974501,-1.276873059227377
412,ZG8510487,1.0,412,25.021520077742974,-11.137663118547245,-2.1091079425027597,4.036526533813337,20.946692113030792,12.240822887458393
413,ZG8525123,1.0,413,-27.794907978399582,-0.038279662767831325,-2.2937855210951987,4.11602598286553,21.00196953753565,12.349668504239197
