,Strain,Cef,Index,genexp_1,genexp_2,gpa_1,gpa_2,snps_1,snps_2
0,CF592_Iso2,1.0,0,-12.504184882160043,26.09469378290003,0.18473143291557448,-7.571705365339893,-27.12484669189253,-32.18336165195791
1,CF609_Iso3,1.0,1,-88.16696112921645,-19.682219405000115,-4.162618792146386,4.3973262785018346,24.334796004650247,15.238735835427647
2,CH2500,0.0,2,-39.88237300293118,-19.192044803686592,2.508090804014622,-10.803898476333135,-33.619927590531454,-41.2885262885938
4,CH2522,1.0,4,36.766582727422886,-49.81371509889106,-6.433877784457349,-1.3247750315477012,31.93507846158474,-3.3340456940598386
5,CH2527,0.0,5,59.1608449524704,-45.11115050014011,-5.6603350366943825,0.649472494541877,22.270988597683075,13.551669933796411
6,CH2543,0.0,6,7.883212254189557,-14.475303830650823,21.345248300522254,4.8604700702606465,-64.26601834571447,33.6555836405974
7,CH2560,1.0,7,-1.5630256982898294,6.384217861678092,22.345099629360487,5.001307808397977,-64.38122817211682,33.914154770234774
8,CH2582,0.0,8,-5.813123434173127,-14.382092096609787,-5.946813711704122,1.2851329977170973,30.752512607981078,3.3624786629494636
9,CH2591,1.0,9,-2.9155170929897007,-16.68815560618883,22.27617716516701,4.87875051705754,-63.75120406497085,32.651408709425326
11,CH2598,0.0,11,30.284411152942923,-14.869346277876762,-4.901048874026938,-3.087293094884677,26.295623527602995,1.8516179630606402
12,CH2608,1.0,12,20.086300302889516,-38.53683472318418,16.88817336661638,-1.3296871204699547,-57.697159161169694,13.428985385629815
14,CH2639,1.0,14,-15.315635461912516,-2.9082090247727312,22.67319514775783,5.045605239393794,-64.98542041741936,35.27771655284357
15,CH2657,0.0,15,20.111538199120076,27.0946981765654,22.09833474442021,5.1797606907580125,-64.87455294105094,34.91381652210542
17,CH2660,1.0,17,21.468549927017605,-18.82985423015581,-5.708700638441627,-4.641374979235345,28.293317243138144,-7.831334074038537
18,CH2665,1.0,18,36.010004937375676,-31.276698915196402,3.47197268936878,-7.4945442017429995,-35.62185860382418,-23.114369883823958
19,CH2672,0.0,19,-11.272353490564207,26.549686944100653,5.786272252122,-2.0185996679033407,-34.686691021411605,-20.87312118616737
22,CH2677,0.0,22,-19.939075601271654,-14.11126241734342,0.0754834434434637,-6.729840377789542,-25.13580905464541,-31.158078610498045
23,CH2678,0.0,23,31.298192162581817,11.625209738243381,-5.210452707592609,-3.2987214718918523,24.284309433445596,0.7190005427579749
26,CH2685,0.0,26,89.89965666271756,-68.11741252622615,0.532438829258034,-7.2904887386070865,-29.029144990361775,-29.23041440807296
27,CH2687,0.0,27,5.808167458961348,3.1428563267636216,3.69095702494036,-6.052547485235811,-31.934825966790054,-17.276999005977967
28,CH2690,0.0,28,149.09188659797854,-32.662690321300296,-3.689985671844899,1.2939717380179925,24.21502799278866,-4.83246250416429
29,CH2698,0.0,29,-30.551389652795432,-34.81606044720632,-3.298706047177678,4.06162861119747,21.709183695338933,10.011367938712034
31,CH2705,1.0,31,29.633091696748608,-8.562320057976528,3.486612094545128,-7.361564729525696,-40.29942791672692,-10.005549713263662
32,CH2706,1.0,32,1.3561063919652265,-25.980015218948832,-2.996562989955639,5.2766211949588175,25.872965907143428,7.946421971710535
33,CH2707,1.0,33,136.0202178802245,-24.56668660332457,-5.293357323593398,-2.5927038302857373,28.73658740050737,-1.799707740790339
34,CH2713,0.0,34,106.39975960927387,2.491292065575695,2.2155232964894243,-11.602307558457037,-31.446782339702274,-47.21326476858244
35,CH2718,0.0,35,37.25220221515708,2.395613749991084,-5.277772419253493,0.648931998471669,31.18873963617666,0.6262221734564406
36,CH2724,0.0,36,-13.60375243158081,-15.266674860137858,-6.666000095644302,-4.283551767144002,27.79693283349601,0.9688058681321579
37,CH2730,0.0,37,53.62523330702998,-0.15542394054440606,2.318506238177733,-5.811746308348855,-30.8957745975772,-29.526678328010338
39,CH2735,0.0,39,5.815493302804058,-33.92960894986188,-5.250760415996808,-1.4550839007889982,22.22527303471077,-6.854990805977749
40,CH2747,0.0,40,21.81239912043885,-33.71689312403629,-7.852874735517677,13.935168294065981,32.054788917959144,8.19550722200983
42,CH2756,0.0,42,-43.55549886937136,-10.051007241699885,-6.664874626295707,-0.22273641465513094,30.63622958021924,4.9210831542567774
43,CH2764,1.0,43,-6.988402609297909,-17.783266642067726,-2.7875725655135613,-3.5583773156649627,13.237613778062158,-0.04229166558481978
44,CH2824,0.0,44,6.99594777541977,-0.19006905566939442,0.027967817943653772,-6.788045689864095,-25.934356148528693,-31.04978304383227
45,CH2829,0.0,45,48.22186738329539,-51.36176403084342,1.9676898231174433,-8.05009152317267,-31.321129775619145,-36.78503883891763
47,CH2860,1.0,47,47.323044392937035,-7.041496685285382,-6.31521723800514,-5.300720884568567,28.6915697128354,-10.335299671266043
48,CH2875,0.0,48,31.55678430936295,-25.97905467403863,-7.102048571692569,13.06188941381922,29.387919366778736,21.181176197108954
49,CH2922,0.0,49,-23.266126920163288,-38.735076415595145,0.04262125204579026,-7.694026040940644,-24.489608366960397,-18.419775217651722
50,CH2939,0.0,50,17.8017864026636,2.8345751957115395,-5.5495468345884715,-5.803794533725712,21.63503354549754,-3.407629942049155
51,CH3173,1.0,51,-51.66765791289128,18.65051934948857,21.866864941025035,4.967451352115678,-64.37223157380807,34.40674553359749
52,CH3177,0.0,52,-15.205329192724882,3.3908116654735148,-6.706083521568807,-4.8430123285845665,28.195641271209883,-2.7908179956277976
54,CH3325,1.0,54,5.7480217903927775,-2.963869310558516,-4.294118028102461,1.6898571619992282,25.738173918829656,8.984819837560394
55,CH3462,0.0,55,-29.188476398329353,2.6518943066732694,1.7146022094433222,-11.609606953185638,-32.505669607894134,-43.02023973741531
57,CH3484,0.0,57,-44.65862927672236,-2.44908096316584,-3.8104523312311684,3.8108721495863094,29.684447606739692,8.875119646086432
58,CH3549,0.0,58,9.451641477114771,-8.340324445788035,-5.2823913823417294,-1.8590135299848685,23.81577711113201,1.113711053942808
59,CH3570,1.0,59,-51.48588008327009,-25.15941363294245,-6.198412622530209,-0.7910625870129095,31.480523492720838,-9.010721765033765
60,CH3613,1.0,60,-0.3768109410720341,-16.93679535769462,-2.8734069056120024,5.6460174986145315,22.2879143540322,14.927754048257448
61,CH3648,1.0,61,0.6447826025800082,-0.47695247997840184,21.489997734315462,5.662142786800937,-61.601899956970016,30.64274840640384
63,CH3882,0.0,63,-132.96513321424968,16.370475899192716,-6.198223118362334,-2.2001690072281086,30.209676031252247,-0.2948096674428129
64,CH3906,0.0,64,-86.74954110296412,-22.92791914334317,-3.9907034400300647,3.4119306002136227,29.18860363197741,7.821480120300173
65,CH4035,1.0,65,-70.7031562903443,22.04053548754376,22.30212562458047,5.358435412580395,-64.69109500518894,34.557982446105186
67,CH4411,1.0,67,-70.27798466022738,16.323499603648894,-5.273180808522559,1.5336405132966853,24.825554826320786,13.602615397645344
69,CH4433,1.0,69,-49.15221639919904,-2.73752572312573,-0.17892848170554965,-3.978340737816633,-18.58192488993786,-14.448290764528963
70,CH4438,1.0,70,-14.995646171449094,-0.7445853971591068,-6.240294996320512,-1.4033725718814596,31.029539856003115,-3.7931101979734336
71,CH4443,1.0,71,-95.85080069808227,16.662897869000247,-8.096450006648036,13.298733359348603,31.885279037130093,11.770631258541506
72,CH4446,0.0,72,5.491692937668864,-9.588664386779934,-5.94724690086693,-2.8890343266442473,29.400035835298194,-3.899683880744057
73,CH4489,0.0,73,-28.677997515443703,-24.336162526509703,1.3150077285436164,-10.069515742700137,-26.909805290419193,-35.130757190108206
74,CH4509,0.0,74,-81.59423510003096,-8.320211631394342,-6.7946481184178085,-0.6227408189980945,31.751729531895453,-4.125566628567412
76,CH4528,0.0,76,-36.932560485911075,8.660442837312024,-4.949419386503021,0.8973460816367034,23.828010609493756,-5.546213427545986
77,CH4548,1.0,77,-44.93034657637177,-1.175610806206922,22.656135687913782,5.0301509272335405,-64.03807842371104,33.0899269998981
78,CH4549,0.0,78,57.77610589269727,21.15013042977453,-5.103119445202231,1.678028411597369,24.451783168027962,14.36856219246215
79,CH4560,1.0,79,-2.784310256788691,-3.871360939530935,17.666067084444123,3.8127479384685135,-55.08386786202306,15.283526042049168
80,CH4584,1.0,80,24.132359876918457,-15.437376812102293,-4.890028203434315,-3.318583988355299,23.597079931584144,-9.064182954216996
81,CH4591,0.0,81,55.53804540916522,10.823746925069566,-5.48328055599963,0.8785238127737323,30.876928689751917,-3.066452745099703
82,CH4602,0.0,82,-69.90609147990983,-31.62346894099053,20.685420354592374,4.520364297529898,-63.45245489797778,32.35189976156717
83,CH4634,0.0,83,-87.950645049376,25.93546838108221,4.42678061567314,-1.211993743697592,-31.680901095356973,-24.24024492761839
84,CH4681,1.0,84,-95.4535129755141,-18.260383478567853,-6.082415193881832,-2.1993947311145714,29.240958885840737,-7.212139585220903
86,CH4703,1.0,86,18.315338142472097,-1.9972823880184438,-5.926868418887643,-1.5056998164772022,26.570117487893345,4.148883817778746
87,CH4704,1.0,87,-31.34365734463351,-28.484054798147092,-5.928744234036723,-3.413265886322912,27.686867480722082,-5.930474192113152
88,CH4733,0.0,88,-34.06947485743891,17.72368886072493,-4.918321237237495,-0.3426645606868828,22.128112402559214,12.855085290960773
89,CH4745,1.0,89,14.852147807540524,-30.857258787663227,22.561249659594637,5.333492633081269,-64.07710834705088,33.20030570852968
90,CH4755,0.0,90,42.56969701341785,-28.483496147771753,-3.6484209245480876,5.833363644256247,28.69194123658284,5.496675025548562
91,CH4757,1.0,91,-13.834019849957212,-19.32914169813757,1.7330182960568565,-9.121216176071817,-31.215064662665473,-43.86394159707049
92,CH4766,1.0,92,25.201990393311142,-0.9618742201430825,-4.1690151799260375,-2.5348645638970035,18.691349459726926,2.430793646998687
93,CH4780,1.0,93,12.430068602613664,-7.828645170266699,-4.518423289902593,-5.544768489988122,9.950842315714038,-13.176738615028142
95,CH4840,1.0,95,-7.264328812382955,-42.47295365506454,-3.297148449250889,0.7517882982590205,24.996872603250512,13.259794618543303
96,CH4860,0.0,96,2.5392273956026408,-30.190111525470098,-3.7938169027047293,4.769937964158261,29.190602573268908,6.690832924030673
97,CH4862,0.0,97,29.74296709752455,-4.486713570274482,1.0248640116075547,-7.914311422938376,-27.445920912302114,-24.494199731945265
98,CH4877,1.0,98,32.50746501417219,-15.14886673425074,4.810842828183252,-3.6709970556241425,-40.01188368488524,-8.054993673044983
99,CH4878,1.0,99,46.085465685593725,-36.31485450892992,-5.107384475203416,-1.9626997320333928,27.205954105733124,-2.774846430842615
100,CH4891,0.0,100,-29.4346411245172,-9.645056728816932,-4.204062908409633,4.081740592551242,29.207363496773272,8.552403817613573
101,CH4914,0.0,101,-124.232954293292,-20.880134952571847,-3.1246242593157545,3.520433017427111,20.705219954049685,8.129454858073672
102,CH4916,1.0,102,8.994988419997766,-29.03810663248608,21.29708111943857,5.120087452497877,-63.40730163841569,32.119484511056214
104,CH4992,0.0,104,-51.567785336967916,24.114562929956243,-3.7534583289809573,4.65434124596433,-31.47980738679006,-46.507029448275716
106,CH5052,0.0,106,7.200840621492906,12.325714901767407,16.74607422652899,1.7043476196864464,-55.198413239329504,15.897181638482444
107,CH5066,1.0,107,-16.22983961129507,15.77190491993719,-6.1734926675890005,-1.321030852563756,28.725474290845387,-5.393646944856499
108,CH5159,1.0,108,-30.112501776651843,43.319510297293355,21.823319787452466,4.908459084484315,-62.096389539138386,28.699572570999365
109,CH5174,1.0,109,-51.510060214071345,-1.809765555408867,16.75609875277412,2.4237353844141243,-56.4813775610894,14.901546988548127
110,CH5182,1.0,110,-9.212870409119983,-15.604144673392424,-4.696360455867611,-4.335531262360326,25.29202010341618,-5.426592492453992
111,CH5193,1.0,111,32.77595051452526,28.508989061131903,22.54777119730345,5.108898448365807,-64.88958649887331,34.9103603807408
112,CH5206,1.0,112,29.909204315396973,44.359316139469,-2.816472954624835,-5.350528217586108,-2.1004903743241137,-8.147091603159723
113,CH5262,0.0,113,48.72042696051795,-46.81551414265246,-5.840105853361108,-3.8655817960262544,27.529304186215402,-0.4681835261098044
115,CH5291,1.0,115,13.106635376768928,-30.28555250774743,-2.5386431656725676,-3.42670048681324,14.93110097394879,-5.194749648022551
116,CH5334,0.0,116,-34.33071855517367,-21.631328780409053,6.939742912116315,-3.030964646315467,-39.1174829592287,-13.178984369351326
118,CH5356,0.0,118,4.050418106503121,15.97763476582388,-4.219596308811272,3.587201080970603,25.47408939639364,8.370751417148725
119,CH5362,0.0,119,-2.9625171530317447,-10.529264610766981,-5.182805270167744,-2.907742372216733,22.233447434636037,1.5928278223005279
120,CH5363,1.0,120,84.33420547456195,29.491123926192728,-4.9592260672088475,-3.1103018005215777,27.854113313731293,-0.2796665032819661
122,CH5432,0.0,122,59.73141962734054,27.42726294340322,-2.7283502389852763,1.5048591460713325,16.9494344467488,-2.711178719746897
123,CH5462,1.0,123,-9.916533202172415,5.898449559823108,1.4332613106811272,-7.071788147157523,-31.22641879930411,-25.72973225138314
124,CH5464,0.0,124,-32.92257911982347,-20.30102386435456,22.65430883281731,5.263933048656078,-65.16370988698912,34.92739282882047
127,CH5531,1.0,127,-18.220790798978864,-31.838494586158106,-4.936149948624929,-2.4218002969716768,26.581595476926093,-6.355227806544477
129,CH5550,0.0,129,35.411845237854436,-20.364254950871135,-5.27721526015189,-1.1521818970866171,24.032359810677864,-5.079142478372965
131,CH5591,1.0,131,43.34868447191372,34.84978038345467,2.900616058283279,-7.427660122716524,-35.70803092967709,-22.789874267794595
132,CH5596,0.0,132,-24.562647144160863,-26.541829923591845,2.895385120438668,-6.611626228600125,-29.98846303723403,-27.733866301431668
134,CH5621,1.0,134,-5.627218640387851,-31.03904986217509,-4.9426112956420525,-2.0162785346166228,24.62768086584273,-2.155165850996923
136,CH5666,1.0,136,-21.769879140172673,4.4623443387943516,22.609103622020037,5.087492501218435,-62.890585091074655,29.546000679832304
138,CH5695,1.0,138,42.578025670953565,-24.921018766163822,22.225280166837,5.239722880581635,-62.49468705699147,28.87156487326621
139,ESP002,1.0,139,-44.80028698828233,45.18912128847702,0.6294685164867093,-8.301172788391186,-26.39086751010533,-28.301591304483306
140,ESP003,0.0,140,67.668129911101,41.25308496661722,-0.43291480045640784,-9.247503708848464,-20.67492636740279,-33.12012863369604
141,ESP004,0.0,141,-54.557774249792956,13.005395641599838,-0.5189384717019123,-9.171447440573452,-20.697752835617067,-33.08729518041219
142,ESP006,0.0,142,-20.265411195789518,8.166499005476139,-5.247599944361981,4.006854132310767,27.260418353633003,5.013599059046321
143,ESP009,0.0,143,-25.561131676218093,8.21544232129991,-5.861409679138316,-1.4876223043248125,28.828996647625136,-6.368979113805793
144,ESP011,0.0,144,45.604344421631694,72.25438456563955,-4.049389442906843,8.1922555280992,23.78331136039925,15.270435206242745
145,ESP012,1.0,145,-24.346057812997554,14.58022654543705,-3.8178293967685573,-3.1041838143450926,12.90454330701763,-2.060741726317069
146,ESP013,0.0,146,-47.82711773998739,7.207833914525176,-4.981728902685193,-1.5941463152872268,15.489931039211466,-2.8529324887170517
147,ESP015,0.0,147,-36.10106824533089,23.549709902808758,1.117571545042882,-8.440060706464886,-28.387204033082483,-33.79387131930356
148,ESP020,0.0,148,18.809606031521028,12.576645119570555,5.170083409884006,-8.454362238393234,-39.23675466481967,-18.288614947367066
149,ESP021,0.0,149,-24.17018745718603,-40.77770920542529,2.7201561309075197,-10.135730568695651,-30.240186514551713,-47.0529386492327
150,ESP022,0.0,150,19.979263666792047,61.38784972546264,-5.246364903322799,-0.16082646947284118,29.043923038798933,-0.9861102131448476
151,ESP023,1.0,151,-17.960055793639565,-15.404109571799141,-4.009465468886793,-2.872155858603535,17.97366101492184,0.7915764066138209
152,ESP024,0.0,152,-20.33779737963818,-7.893313243939933,-5.403678582709835,0.27138809016299525,24.287727418393988,12.816521262557387
153,ESP025,1.0,153,10.441986633183296,-2.6333656785585586,-5.807615888388215,-1.7753488530930364,28.730812057153283,-5.999068302004204
154,ESP027,1.0,154,-7.443849676626798,-26.420086189063476,-5.379927124050744,-0.6802742071932713,24.126571118241113,-6.165902419999412
155,ESP028,0.0,155,2.5044366425715388,-37.036967410359146,2.598224236073597,-7.146276783372188,-30.617869918554412,-27.7051949398958
156,ESP029,0.0,156,-12.804657845781085,50.67677067575425,-6.136144654718568,-3.0804809105972604,28.57512810194913,-7.4604174843099855
157,ESP031,0.0,157,5.793820123234959,22.556492128512886,0.9788591389118138,0.3381311773141267,-6.327267791773316,-4.1415432475815095
158,ESP032,0.0,158,-35.44600295936112,28.99930618802711,-2.2040419027286027,-3.8706657693482613,9.600772909761677,-11.249378554503956
159,ESP033,0.0,159,-15.552087033736477,9.047087444515668,1.6615913263740187,-8.679397929922438,-28.460843196636787,-33.800944284388365
160,ESP034,0.0,160,-7.334444352254364,-7.499611228632266,-2.5498379957637893,-4.84723074431726,-2.987065390668633,-10.209174481146867
161,ESP035,0.0,161,-10.594586955401617,-7.954799956256166,-5.8592051918744525,-4.54320186677627,22.10010222296479,-2.155074634833518
162,ESP036,0.0,162,-6.179643398111324,-9.17599018524186,-5.012784840793916,-2.4112758174277724,27.21196015029837,-7.457991308721091
163,ESP037,0.0,163,-27.161627213656537,-4.238190379408743,1.7130885419685262,-6.383835521926135,-30.3153957975621,-30.32211796225726
164,ESP038,0.0,164,117.00784081030187,20.352884914599116,-5.380764481118273,-2.9201612981822596,22.512706786279235,4.1809150735617
165,ESP039,0.0,165,109.46069800803453,63.42032260836225,-3.188831707614258,-5.46482426753157,1.2165801837350507,-9.248994194295271
166,ESP040,0.0,166,96.92271327842067,50.90183993409103,-3.1833024169912574,-5.3839784979505065,1.1743506683486054,-9.367143422427652
168,ESP044,0.0,168,35.54046920817339,42.25358571235324,-5.995097892754494,-1.5679723700282482,27.3853923792192,-2.2983365344483104
169,ESP046,0.0,169,-6.121597097163655,-8.409029257831538,-0.66093152681333,-7.814433808126292,-24.330217738692564,-31.708262332822432
171,ESP050,0.0,171,8.75022902947292,-28.502977446672713,1.1888671894920868,-8.511216731796944,-28.8388600151546,-33.230850549237786
172,ESP053,0.0,172,-28.97213671492811,38.55115053560624,15.320974108026455,-2.6196880284085315,-56.73797795484247,13.40786327454473
173,ESP055,0.0,173,-3.4602037553824805,-25.45747264900103,-3.8418311842116184,2.7601209038548706,25.55107921378708,5.264056108305795
174,ESP057,0.0,174,-0.3939159317269116,-32.91961835603721,-6.842841549424177,-1.606718179944739,28.261066875314885,-4.568638102441874
180,ESP064,1.0,180,-10.06382530180744,-35.1201235111628,-4.104010697016815,8.779848771643362,19.90246958348349,26.86381943230468
181,ESP066,0.0,181,-74.86024135649946,30.37533972299483,-2.83323134066728,13.82179057128274,24.81381561634389,7.848972686319897
182,ESP067,0.0,182,-117.20072967158373,0.9335342048965889,-6.389303774560401,-1.3235180917223701,25.82999667073909,-3.8098033271430367
183,ESP068,1.0,183,-129.68257682734543,49.24729463614998,17.441464517791818,0.9261150909419218,-58.81268235691667,22.853049585268792
184,ESP069,1.0,184,-110.29620890463758,36.03668898600978,-4.270544461033297,8.834423009476001,20.16399969380951,26.142029192218246
185,ESP070,1.0,185,-78.78913646794618,1.4268306458004858,6.477400896700547,-1.6083105394338668,-34.22949824416087,-24.473101702952054
186,ESP071,0.0,186,-81.9677566701806,-18.343584024622437,-3.263771287019016,14.06448514662096,24.96901099129955,6.349487719588382
187,ESP072,1.0,187,-93.2324760048679,14.080926249173702,-5.692670699789879,-4.860802668939412,24.347224179344554,-7.251192004010733
188,ESP073,1.0,188,-94.46838185993023,-4.296886701310109,-5.674026971865933,-4.7843821604097485,25.348272602127434,-8.891808342050254
189,ESP074,1.0,189,-99.91946383771062,0.9924580446491026,-3.146451398910764,13.833077339429018,24.93870261426522,6.750251823744961
191,ESP076,1.0,191,-36.140721314375604,32.553818459193266,0.5177873687346921,-9.712052401998243,-29.27577089619352,-23.17822747952587
192,ESP077,1.0,192,1.9988655730103781,-7.110662044581869,-2.5069453353149234,-5.525608407545476,-17.72169056870858,-21.31725498584205
193,ESP078,1.0,193,-17.88665559249387,26.471154616307896,-4.187218249020973,8.732287293696459,19.830923559508246,24.019043108869454
199,ESP088,1.0,199,-53.73320219475662,17.48886115294606,-3.449937583448692,14.15799170083092,24.876478688358265,6.572133453340605
200,ESP091,0.0,200,-31.229750813033867,20.33190410430766,17.3345508803919,0.43179309692213863,-58.29405632782974,21.29282475424199
201,F1659,0.0,201,51.32792771029975,39.83849829182711,3.200544109152977,-1.5385849563221417,-31.17528012890289,-26.21526282040196
202,F1688,1.0,202,13.226865678267577,-10.655908405565558,-6.0481357418600465,-4.466705659733097,27.364077138138594,-8.537939721785804
203,F1689,1.0,203,-6.976230384546677,-35.869598504086326,-6.073867066852311,-4.5551294849922765,27.238402013451736,-8.353202608140968
204,F1697,1.0,204,-3.738995712459349,27.055843185462177,21.07650661361494,3.5309939568086453,-61.92020898531817,29.51927561242853
205,F1706,1.0,205,-24.705892943637537,-17.840035747300554,-7.565425649197857,-1.6600230598292232,32.49658446106899,-8.41465050500117
206,F1712,1.0,206,-28.77597006354315,-5.263335692212166,-3.156278509519418,13.461429994243613,25.380009752854743,8.167382455563363
207,F1724,1.0,207,-24.459738936930016,13.461053435052909,21.404920766464546,3.5846005075032483,-63.13884588303145,31.577921366153205
208,F1727,1.0,208,42.76881842688291,5.980205260319018,-5.607161214880275,-3.131233935218388,28.15993624013029,-6.9163878673615855
209,F1741,1.0,209,-29.77930582409055,23.936473272462354,20.97782347972945,3.597048495274695,-63.532516951862405,32.71568830122315
210,F1745,1.0,210,-39.09661284043887,5.602274096577888,-2.400832317882193,12.346554256587293,25.381404788394438,6.004401364710802
211,F1746,1.0,211,-58.95332284544101,43.832298938722424,21.117852160146832,3.4057777975472376,-63.03388895346727,31.765985894083997
212,F1747,1.0,212,60.453713477481514,28.879459675747697,21.563178485592484,3.6957048265772077,-63.15178660644706,31.53881385052
213,F1748,1.0,213,40.615598417945115,10.045848657390852,-7.671788139929478,-1.5949155663899308,32.49613613330682,-8.110094636027519
214,F1752,1.0,214,33.52105564318347,1.4881913602928474,-3.7997045197581993,-0.5994647109419873,14.560376815326965,25.398346536155287
215,F1754,1.0,215,9.027369825283186,38.74152495548645,5.049949823460163,-8.819993905608715,-40.12922461859332,-14.7184043311068
216,F1757,1.0,216,-69.6036696128619,21.373553060798944,-3.905388992553948,-0.45627824223762836,19.79244117253806,15.427226466498283
217,F1758,1.0,217,96.5644112942881,42.782216570386055,-5.82384505677981,2.7628806642746984,25.484263161017164,6.472521887566913
219,F1760,1.0,219,22.334190394636103,18.901489076669332,-3.905051446678633,-0.508905234857771,14.790940541190142,25.14987688209804
220,F1763,1.0,220,32.05851561716268,-1.022291928639397,-3.189875263633608,-1.7021158212140328,17.491946046653336,14.714276451988972
221,F1764,1.0,221,-0.8865744238041537,-3.0500400251475384,-4.363371043088874,-3.4707736632282735,22.113249861253482,1.9208507160513122
222,F1775,1.0,222,-17.54394620024842,-15.30726430860612,-5.579585663677913,-2.231926511420096,27.386677376613545,-1.1542765102013206
223,F1787,1.0,223,15.472874758473715,-5.863161228956856,-6.903760697523663,-2.6853308856248717,30.45289570432436,-9.004523234542326
224,F1789,1.0,224,-13.399619003757993,33.36622723500533,-3.747500556611207,-0.6632653662258825,15.265306039029223,20.046885310304617
225,F1795,1.0,225,-23.432738350623296,23.44782554363059,21.189565849377242,3.284120794291459,-59.3636054798821,24.101627337055405
229,F1801,1.0,229,-65.19414902529246,16.789436607903266,3.763989353155786,-2.0919059469861905,-32.396170711002505,-22.707578350931822
230,F1810,1.0,230,4.110470988412815,31.554896625138362,21.570300707291516,3.520897214361714,-63.170151759466165,31.77791155323966
231,F1812,0.0,231,-76.83679997624967,26.373871857062344,-4.002597028531559,-0.800246388282364,14.759039952855257,23.95665485715047
232,F1821,1.0,232,-52.289124020418605,26.171806774371987,-3.9160921223538976,-0.6409920850682269,14.39714293015015,24.809442409619393
234,F1853,1.0,234,8.665994822196192,13.981283084862289,15.967423428919496,-0.9733921022169181,-60.927489491648586,27.29044262052784
235,F1862,1.0,235,-14.212473919367131,-5.367453496600558,0.8983689541197195,-3.054413729340263,-24.993109708626562,-29.534962121326082
236,F1864,1.0,236,-64.92111231217898,-17.817311065468154,21.360248214753643,3.6203233506335586,-63.29417519050581,31.76283847190976
237,F1869,1.0,237,83.44214068705391,-13.709190810623136,18.867457101235082,2.086326334022365,-62.38472744000127,31.0971355021441
238,F1880,0.0,238,47.017152774518465,-23.49363001278728,-5.974676462630727,7.913580738152074,29.81327561613678,7.568397480783922
240,F1894,1.0,240,-5.13206473503918,-31.049750039298228,-5.8022491239282195,-0.07343173616963128,23.346517308793405,8.079801813201364
242,F1968,1.0,242,27.495885155997442,-40.29618930236291,-4.692187419629786,-3.950119384440395,27.884267837459877,-9.515892975354973
243,F1979,1.0,243,-1.2839877288195092,11.034009547444082,19.760536755966474,2.4207951903179694,-62.2038991504445,30.564286340860193
244,F1983,1.0,244,35.41249899126934,-1.1450044995878321,19.640574479620156,2.264194587113689,-62.243337688024134,30.791404076108577
245,F1997,1.0,245,-3.8925867366460616,-1.3268571343937279,-6.595165089129199,-2.060004249732393,24.637635455610525,6.116728114588845
246,F2000,1.0,246,-34.213534836142,29.74927158452043,20.92228804079427,3.4904221861197477,-63.19172950177244,31.51675630068995
247,F2003,1.0,247,45.18189466814868,-16.116977513345834,1.1213128862259956,-12.486969861177032,-30.33082318450126,-47.81839713982656
248,F2005,1.0,248,24.010419023126254,3.405503021657273,-6.525121701072446,-2.28880582352998,25.305582712534775,-0.33171924299695377
249,F2006,1.0,249,-54.555915165234225,2.7618637575144973,-8.338389330248878,18.056245316197078,28.88318320726346,22.45529489742981
250,F2010,1.0,250,34.878017601657085,9.59312143544926,-6.8578003238907215,-0.741685407517469,27.514533594111317,5.227929911488076
251,F2017,0.0,251,34.239188617220854,-34.566849856948096,-8.27967630021632,17.12079851675882,28.939087376974374,20.437620720434154
252,F2020,1.0,252,-10.793689401296284,-11.623522943537212,1.0205949481582783,-12.429042756920317,-30.28778026932882,-48.05300557936165
254,F2030,0.0,254,39.94586186120248,11.42917691819371,20.204059582096473,2.761103229321291,-63.26101621166486,31.372419469689277
255,F2034,0.0,255,28.585940886377504,-24.350332903431948,-5.805008251270704,7.858668277797044,29.609398492239453,8.188996967058664
256,F2035,0.0,256,82.20114855223969,4.719383582951357,-8.287319348001498,17.093469628929668,29.112870595000313,21.498757251080647
257,F2040,1.0,257,9.83303405587821,4.042925996211728,21.41161222728936,3.6228639805854943,-63.328780261227614,32.241723266227254
258,F2044,0.0,258,29.9707989437661,-29.038043416704465,2.267418009635363,-4.340481951211612,-30.068367854257957,-19.41408794212834
259,F2045,1.0,259,64.64782009677576,59.24893403768028,5.1011163676883235,-8.437004280491953,-40.08391192083902,-16.572517721370005
260,F2054,1.0,260,-25.607703007990445,10.771988040407882,-3.770221399909628,-0.9536341629133176,14.984125228418069,24.439778254460606
261,F2055,1.0,261,-10.334220896565338,8.643211558232196,-3.155982516838412,12.86939974956303,25.276546165361356,7.402523522858914
264,F2064,1.0,264,-38.69259445114672,27.155910691098764,21.22532649653228,3.7186123122154235,-62.45702929660702,30.343846050828674
266,F2073,1.0,266,-3.91503617716971,-2.5900330469100266,4.027127858684801,-6.930214332332845,-35.939542926384235,-21.34152982223909
267,F2075,1.0,267,-40.891393263252816,-9.106478452106048,-6.043531957121823,-1.1098176492347642,29.915869828299062,-3.2785845137865763
270,F2093,0.0,270,-37.96832202719839,42.23254792640347,-7.391901435727879,-1.4062849623027809,31.184087900698668,-8.308244078936298
271,F2097,1.0,271,-19.35309227580924,-23.29672034409853,21.282900210080097,3.719604681479435,-63.29294700380092,32.62158292617208
272,F2098,1.0,272,-31.400379171170737,15.9075262009048,-2.878049616616647,2.8319786345031126,19.290414321368363,10.774086882560525
273,F2119,1.0,273,-0.020648068648655673,-25.171827225919362,-7.973637087590707,16.38588473499581,24.703536861555126,19.52913871130916
275,F2137,1.0,275,93.99597908881391,54.02954413158537,-8.204048871097648,16.901693848652606,28.58378383678269,20.462560529785932
276,F2148,1.0,276,-22.00632979595411,12.773784989295228,-8.209942598855832,16.964586106143067,28.96546602322282,21.429780010531502
277,F2165,1.0,277,104.03423743656984,59.827113334014705,-8.198685694090765,16.90471470182282,28.82009499948394,20.930429013663215
278,F2166,1.0,278,-5.789785467919439,-8.22758570922152,-8.161202738442926,16.872241380019865,28.88250625943324,21.809432044932905
279,F2167,1.0,279,12.65555535924758,21.67615614988899,20.89646353680162,3.5569453211043864,-63.21058080016205,32.03318868340101
281,F2176,0.0,281,-48.14080990249713,29.5739494462862,-3.824810344693738,0.18153011593390111,17.085499745761023,21.826662217226854
282,F2199,1.0,282,-17.247532676415304,33.16924344721518,-2.8453683097177525,13.415238838048367,25.6804110227981,5.91076193053744
285,F2230,1.0,285,95.93347254009994,61.18324248150667,-7.0727525010440875,-0.9695127047048597,27.86245381163683,3.517024431289208
286,F2234,1.0,286,47.09779591001444,21.921774528884423,-8.100229221905135,16.933637916818636,28.703677282852222,21.04041370520821
287,F2235,1.0,287,-16.690654065172854,-3.991469046583028,-2.4767292107383594,12.360493040559259,24.884648293627695,5.704837418810179
288,F2236,1.0,288,24.633646505433745,35.87841830138188,-4.262570123648805,-2.3943261330635934,25.183012844259462,-0.7805330971640885
289,F2240,1.0,289,48.14555238046063,17.872858232062065,-2.8396098430882626,13.37013572114406,25.617865277524363,5.916842564339127
290,M70563004,1.0,290,31.585644384225283,41.71499379651071,-4.21947812330746,2.6615491218727882,22.197650942092448,10.15382859917267
292,M70565254,1.0,292,-65.48483974630555,21.218376481788017,-7.530908379041094,-1.1652672028749507,28.46501906644443,0.37885974245727283
293,M70565897,1.0,293,1.6480191118868932,-5.028117185675286,-4.191841619507578,2.1819736605029583,28.43039336460875,2.6419288780849186
297,M70638412,1.0,297,-6.173204840455874,28.543044755774783,16.301820119200748,-2.158406474136469,-60.08505812198968,24.08070128898467
299,M70640096,0.0,299,18.48200296430959,8.439760939077292,-5.125098725818242,2.1930144026958356,22.565861713156647,16.032190809136445
300,M70641593,0.0,300,-1.7060726980001208,-15.802054506836265,-7.470491971767403,15.178128152457642,29.067625691291614,19.077689177712244
301,M70646050,0.0,301,126.1184247070637,38.01190953911555,-6.548246452347182,-1.5727552396288056,25.569424115895433,3.8082016218058783
302,M70646077,0.0,302,61.584748040381676,8.894412663662074,-4.336999297410562,4.2817071074866035,24.452171183450933,5.558876153549669
303,M70647319,1.0,303,52.03355393769139,18.372833597582005,-6.140873398634471,-2.0242568149052547,27.90248505788752,-2.9190843271987603
304,M70649365,0.0,304,2.924224428570367,-10.242273506909171,-6.818080586655128,13.10134185765597,28.472382846922432,18.82256395925407
305,M70652746,1.0,305,-27.50406241109887,25.605806953254046,-6.7862532214690265,-4.931006082009284,26.57676972865516,0.20836542811942138
306,M70656672,0.0,306,-26.94962445098614,-10.586484807421094,-8.742210019863673,13.92520132361355,30.688694366276916,9.043884303347916
307,M70663247,0.0,307,-23.38566548591342,19.35966765570744,4.745744524228412,-3.9892495667289865,-32.840949287838605,-20.79514202152859
308,MHH0147,0.0,308,-58.82698731968737,39.31068823763423,-4.574205681908292,-3.130100952149884,20.261499060345226,1.1482231795256013
309,MHH0426,0.0,309,-68.65474206666714,2.261505761127633,-2.9293525097274005,4.5911521166446025,18.702821309802932,19.587540496698026
310,MHH0927,0.0,310,-59.8653256453739,25.930932694975276,-5.583305478631075,-2.656531171728801,26.253268538840675,-4.134927946967046
311,MHH0985,1.0,311,-75.56131941384433,25.70845101187442,-4.668275699676846,0.05350612532782861,25.435918414041954,8.033682427093233
313,MHH14929,0.0,313,30.54164362107678,-10.438724168686823,-6.095324443465451,-0.18560015004638153,24.313327016863628,9.267957372639657
315,MHH15015,0.0,315,-52.47401584002666,54.92383421652082,-5.5738845704512805,5.507972456021836,24.58554876840849,6.940471838222294
316,MHH15083,1.0,316,24.43364864617372,-12.44051540451223,-3.571881296752519,12.811594548105443,25.174763729421382,6.919093849497884
317,MHH15103,1.0,317,16.77818149220471,-28.350025332800772,4.655947299640682,-4.36156490967253,-38.47243922555983,-13.873165325878063
318,MHH15151,0.0,318,9.552952343837715,-37.39181560008804,-5.863493909723746,-4.889215145543554,27.400916412999255,-7.939597082330593
320,MHH15204,0.0,320,16.39216503893524,11.931503817161131,2.5234367672437736,-10.43468117707343,-31.435970711996937,-46.40209375603076
321,MHH1525,1.0,321,30.46468536773387,1.6738831017308455,4.929707894798661,-8.597025514352008,-41.0118029917141,-14.038255581734298
322,MHH15275,0.0,322,-2.4470885788258925,-30.14879509717439,-3.451595536676607,12.61836324668716,25.393943843383806,6.2763315644061635
323,MHH15280,0.0,323,39.84682797195362,-27.34401548239261,-5.671105151556215,0.6102377971812949,24.63281968266566,-4.183270799984626
324,MHH15817,1.0,324,10.606955487444834,-15.002723437638005,-4.949073063253338,4.284256739777188,20.364627577811174,20.83424762886672
325,MHH16050,1.0,325,24.367450123896887,-20.093765062995857,-4.980726011409185,-3.5097132465584426,24.44235783283636,0.47448808492178074
328,MHH16379,0.0,328,10.487878266564357,-18.54774759113975,-5.909397244684609,-3.0314240517135342,28.164781256806524,-4.87344806822388
330,MHH16459,1.0,330,33.073986321816896,-4.907108906377479,-7.538848074871375,0.40347010705512254,30.74920876741766,-4.514525188094147
331,MHH16513,0.0,331,34.46649999186114,-9.278846925529631,-5.923551669586047,-2.944930240673557,29.516601838012615,-3.313016871457215
332,MHH16530,1.0,332,41.33544243144007,-8.373551523034562,4.643492404844743,-1.4667541730532117,-32.301080490195076,-24.298201263601918
334,MHH16610,0.0,334,-13.512864323466546,-26.71210042084231,-5.932129965189232,-2.8215415763823195,29.541178314318064,-3.311041221155776
336,MHH16798,0.0,336,19.865305295045506,-8.53946063671653,-5.94720775429629,-2.925284028147513,27.828698489470465,-4.772549897381097
337,MHH16951,1.0,337,53.98766947348651,37.320066205755545,1.3915371725876782,-9.2431520888094,-28.37605899228283,-25.629517259363002
338,MHH17233,1.0,338,1.5297128293683946,20.231137685345175,15.631306516031575,-3.556789549907421,-56.252280764139584,13.250695067000493
339,MHH17247,0.0,339,14.368730288256613,3.149963423828637,-4.430672798079801,3.1389476453433858,20.540765775448836,5.41612311969034
340,MHH17441,1.0,340,-9.5159987245796,-0.8039824572856641,16.191087564317947,-0.09879860172580202,-56.256143290394235,13.337971404130379
341,MHH17501,1.0,341,1.8262584093084728,12.707378460030649,-5.651396701632875,-3.1520123115497487,24.46962213858232,-6.630317297441621
342,MHH17546,1.0,342,37.368055001107756,-25.69171669524732,-5.5398519513358115,-1.7030427481057453,25.12145757522354,1.4420015668053523
343,MHH17767,1.0,343,-2.2199037262815877,9.941581322543735,-5.419969320530961,-2.94261073049206,26.68018362119332,-9.405367769731448
344,MHH17783,1.0,344,9.976580614525112,12.416575521358725,-5.718275852144095,-2.429954482315896,24.99227220818958,3.0659333324982967
346,MHH2419,0.0,346,31.530099746036317,27.917143221342325,-3.69338444943803,2.4291160125925657,23.32932613339999,3.014018353807856
347,MS1,0.0,347,-78.17507928563936,-8.553717817397471,-8.27037760269311,10.498897381393999,31.897607458154457,8.422520535912575
348,MS2,1.0,348,-10.607808524707734,66.27554552401612,-6.54141223665099,-3.8130858293308822,25.81400973378251,0.7537928404002869
349,MS5,0.0,349,-113.21084102787779,30.44749504020397,-6.487305712281886,-4.118900656156787,26.289573103236368,0.1731420714656906
350,PSAE1401,0.0,350,44.53039484760966,-38.595615295556854,-6.035212855588318,-0.5835225527445278,23.060843968982393,-6.341235696354737
351,PSAE1438,0.0,351,32.53429787960413,-39.90310875025007,-6.0393935689008345,-0.5690788822161839,22.895982659316463,-6.32710066207607
352,PSAE1439,0.0,352,-16.37298534367784,-27.41892970740589,-6.145193676912354,-0.5670803177757175,23.395618890710008,-5.939238992175724
353,PSAE1630,0.0,353,36.06187062478381,1.8715754130282656,-5.3896888265537575,3.6247774678262186,28.285057963914657,0.8804846763094787
354,PSAE1635,0.0,354,86.71802674728046,-20.44607257389045,0.5789041408219366,-4.717045311819082,-27.906928067618047,-29.05597005891534
355,PSAE1641,0.0,355,1.3234534715169837,-20.34158493565946,1.4396756873279306,-4.694692638805262,-28.397350346296424,-30.87102592166
356,PSAE1642,0.0,356,24.464370600088486,-5.988722437942777,0.6469466182113728,-4.561398490167721,-27.84817486571308,-29.24518859628942
357,PSAE1645,0.0,357,-25.578012429959795,-26.96242507667961,1.4306805175179897,-4.758028672393866,-28.390187609194665,-30.906230676431957
358,PSAE1647,0.0,358,15.260298481320891,8.450042478994384,0.5807791698407765,-4.60075835003823,-27.457559337482017,-29.153911695866718
359,PSAE1649,0.0,359,-16.60908167475155,-3.106809517622509,0.5812146742189992,-4.550909892178166,-27.408316678082613,-28.936285255688134
360,PSAE1651,0.0,360,-22.75762580813659,-6.449413526874488,0.563830321391295,-4.6252780265077424,-27.69133826716656,-29.179959148069035
361,PSAE1654,0.0,361,-49.23344659141272,1.6923022720330334,0.6515545529015438,-4.711130743346046,-27.442884142180255,-28.8672189141066
362,PSAE1656,0.0,362,10.192986100428866,-21.785587646026922,0.5112649824879807,-4.586315304410351,-27.702548221874856,-29.3250220347816
363,PSAE1742,0.0,363,51.66683609356731,-40.42902233056941,-6.051526237727314,3.216945712923321,26.134959111007415,5.312057968492816
364,PSAE1745,0.0,364,57.76106532242211,-9.783487915417558,-2.6452441633475745,4.384434289215683,21.506231179991875,10.70642383686036
365,PSAE1837,0.0,365,-32.903111117958645,-5.460427902134476,0.5667621873898081,-4.7186690386052295,-27.67264078676987,-29.592951136442576
366,PSAE1872,0.0,366,-30.339227457995705,-0.11833538544768998,-5.171477827353193,2.0894854542776287,28.095130837049968,-0.25331818876082934
367,PSAE1903,0.0,367,-43.82642535118282,-27.175855324283518,-3.361220200634615,3.9562114551974865,27.815923053087634,5.380453254062637
368,PSAE1912,0.0,368,-15.659535679186927,-8.99737232636855,-4.624734176080723,-0.16209028870167685,25.643146077360516,-2.457160485693791
369,PSAE1934,0.0,369,-16.945698312516875,-18.147819365089404,-5.615140321744025,2.1056973424012373,24.204606141815784,10.765108365000941
370,PSAE1970,0.0,370,45.809922058417285,-21.565036848004056,-6.197794320486286,8.139116081140497,27.6508575328462,8.959510677551101
371,PSAE1975,0.0,371,-0.14038269284565214,-9.762942162713925,-7.486498514573453,13.102590743724097,32.15620596008367,4.87621684088689
372,PSAE1984,0.0,372,-44.38692640912959,-14.591290576111131,-6.181470727150307,5.210622593032246,23.99118605796067,7.58303697941777
376,PSAE2139,1.0,376,57.416706364010246,19.940212063834714,14.114273683645255,0.7120734366177306,-55.0133352471909,17.351986236296256
377,PSAE2325,0.0,377,37.55593353507481,-31.593818399944062,-3.827026240763643,-4.093863394794399,14.47760841068671,-0.021080413534512843
378,Vb20477,1.0,378,-40.34869212116123,-9.553705122815122,16.470074403065603,-0.42597743976648594,-60.45727165190734,24.86315890741679
379,Vb3320,1.0,379,34.35176937179314,8.643930400391646,0.47710454219686604,-9.535056736859909,-28.405460320547242,-24.96803502351249
380,ZG02420619,0.0,380,-10.640691591380135,-18.74679763257194,-5.874025082394455,-1.571023526748256,29.238330305534216,-9.055926634698118
381,ZG02488718,0.0,381,-16.46155103575655,-21.973802591491747,1.8829780249182824,-11.150365355884892,-31.698013441337476,-46.9255598753088
382,ZG02512057,0.0,382,11.103881349822258,-18.541453836847506,1.4913780358559257,-12.583236742769893,-31.70083987308356,-46.85181721890792
383,ZG205565,0.0,383,10.320791762502699,-36.11333521039318,-7.448957919530996,-1.787379299657263,28.151751895355613,-5.685955877720794
384,ZG205694,0.0,384,9.955649184323269,-32.70512448492226,-5.4163289422001135,2.568675145365013,28.01443155253465,-0.6776349998093494
385,ZG205710,0.0,385,91.51633675553275,55.67155887572082,-7.323379433715961,-2.874634697590589,27.42004841816772,-10.624581476232144
386,ZG205864,1.0,386,-16.31162076461436,25.66406058341432,-3.7134650179164064,4.859846010837822,22.380544622505735,9.191661424434258
388,ZG302359,0.0,388,-18.41318381786512,-9.974014768710402,-5.934060303647844,0.92413055843706,27.904252948084878,0.8524012239395802
389,ZG302367,0.0,389,-2.916489078731437,-19.723754203507642,-6.300989153514396,-3.9825918098477526,26.593162460322038,-0.7734328827038297
390,ZG302368,0.0,390,44.65699466922269,1.4986555617275163,-4.65292164066513,1.5576840591381327,23.817130849842176,8.109915858866891
391,ZG302370,0.0,391,16.405965233998607,14.912014013677329,-5.222976062637857,2.684829308079765,28.13665247585089,-0.7069440972053229
392,ZG302383,0.0,392,0.20915399145102626,-5.785284370507645,1.4389062163497155,-8.354964640434234,-32.18465848596477,-22.963453392731022
393,ZG302431,0.0,393,-49.04859863162774,-5.207097112800621,-8.152725647925314,9.23999214565692,30.032762358540904,12.668432684390467
394,ZG302432,0.0,394,19.691065760071893,-45.68606459959079,-5.032743184498533,-1.9368787538928318,22.42693202232427,1.9144219807902658
395,ZG302442,0.0,395,-57.35402518805178,18.483442229452983,3.367145071881316,-11.712826097227241,-33.65462304827538,-40.474347253873624
396,ZG302451,0.0,396,128.5859783605613,17.451256582899145,-5.89793068423454,-2.6188039163980363,24.221617255148562,2.0536076440256252
397,ZG314696,0.0,397,-18.92622512796765,-23.49590040862113,-6.9255796128445635,-1.0760072132623266,28.147876373623706,4.193087346959281
398,ZG314738,0.0,398,10.734706886471628,-26.96409681350638,1.5382179007937926,-11.83888895946663,-30.272461886108232,-47.779611232196956
399,ZG314777,0.0,399,124.40267733887917,31.20699732733086,-6.136916955219124,-4.048104571129566,25.808464695294195,-3.0529385880911803
400,ZG316694,0.0,400,40.74344205277165,-36.146502462681525,-5.953534763599616,-1.5311149524576333,26.03641024233976,-4.564164126552718
401,ZG316704,0.0,401,48.537574882915564,-1.4418570728065947,4.7234713328499875,-0.6548577372465711,-31.552463026518925,-26.99396476889632
402,ZG316716,0.0,402,34.58845433497404,10.070776336973253,-5.585871655020625,-1.9334516775041948,23.72092054238046,5.608402825742395
403,ZG316722,0.0,403,96.79068577312601,55.92499986422597,1.5863712482220989,-7.738002533487463,-29.832843101354573,-26.124405481613326
404,ZG322541,1.0,404,12.335994389265831,-11.230833684727042,-3.342517268000088,4.9105996708039505,22.48119119373975,10.508349272750209
405,ZG5003493,0.0,405,5.982105002412095,-29.101606198111668,-4.910709866355096,0.9347696659501832,26.47743950234617,7.646146635622877
406,ZG5021922,1.0,406,-13.315959234414589,-8.943382780330705,4.9034277104946025,-5.7877947401951015,-39.42085873157357,-11.531952289659245
407,ZG5048010,1.0,407,26.456260972075157,13.748922138317836,6.494490323103276,-5.378158794928563,-41.513071386574026,-8.166971879069564
408,ZG5051896,1.0,408,-1.0696638731800445,-13.681134199896944,-3.311231118984447,1.3044102184667103,14.318906416143637,24.676281970710875
409,ZG5089456,1.0,409,-14.024041112639576,-6.267485590610875,-3.0331627891353232,5.942464059840736,22.873216105836637,13.808989915249917
410,ZG8006959,1.0,410,-20.772130259479987,-9.283433869675557,6.531615345059108,-5.239819017848735,-41.36613134681579,-8.461153307033165
411,ZG8038581181,1.0,411,-13.208840305117686,-17.007356153130722,-6.9238358123552315,-3.2076207916257804,25.57438643573231,0.6244070321483974
412,ZG8510487,1.0,412,23.834820626155704,-11.492154608983942,-2.1383483568903228,6.308261666816508,22.044695737381414,12.253738145511079
413,ZG8525123,1.0,413,-29.130672649650016,0.9276972296549493,-2.3095248063047262,6.302929907526877,22.076793734932995,12.373084808446471
