,Strain,Cef,Index,genexp_1,genexp_2,gpa_1,gpa_2,snps_1,snps_2
0,CF592_Iso2,1.0,0,-12.504184882160024,26.09469378290005,0.18473143291555627,-7.5717053653399,-27.124846691892493,-32.18336165195794
1,CF609_Iso3,1.0,1,-88.16696112921646,-19.682219405000065,-4.162618792146381,4.397326278501845,24.33479600465021,15.23873583542774
2,CH2500,0.0,2,-39.88237300293118,-19.192044803686564,2.5080908040145937,-10.803898476333147,-33.61992759053143,-41.28852628859382
4,CH2522,1.0,4,36.76658272742286,-49.813715098891066,-6.433877784457359,-1.3247750315476656,31.935078461584748,-3.3340456940598315
5,CH2527,0.0,5,59.16084495247038,-45.11115050014011,-5.660335036694395,0.6494724945418948,22.27098859768304,13.55166993379644
6,CH2543,0.0,6,7.883212254189552,-14.475303830650832,21.34524830052226,4.860470070260588,-64.26601834571453,33.655583640597314
7,CH2560,1.0,7,-1.56302569828982,6.384217861678083,22.3450996293605,5.001307808397904,-64.38122817211688,33.91415477023469
8,CH2582,0.0,8,-5.813123434173132,-14.382092096609783,-5.946813711704128,1.285132997717115,30.75251260798107,3.3624786629495276
9,CH2591,1.0,9,-2.9155170929897087,-16.688155606188822,22.276177165167024,4.878750517057471,-63.75120406497089,32.65140870942524
11,CH2598,0.0,11,30.28441115294292,-14.869346277876778,-4.901048874026953,-3.087293094884653,26.295623527603002,1.8516179630606402
12,CH2608,1.0,12,20.086300302889498,-38.53683472318421,16.888173366616368,-1.329687120469985,-57.69715916116969,13.428985385629758
14,CH2639,1.0,14,-15.3156354619125,-2.90820902477273,22.67319514775785,5.045605239393723,-64.9854204174194,35.277716552843486
15,CH2657,0.0,15,20.111538199120094,27.094698176565398,22.098334744420228,5.17976069075794,-64.87455294105098,34.913816522105336
17,CH2660,1.0,17,21.468549927017587,-18.829854230155807,-5.708700638441642,-4.6413749792353185,28.29331724313815,-7.831334074038523
18,CH2665,1.0,18,36.01000493737567,-31.276698915196416,3.471972689368764,-7.494544201743026,-35.621858603824144,-23.11436988382394
19,CH2672,0.0,19,-11.27235349056419,26.549686944100642,5.786272252121991,-2.0185996679033797,-34.686691021411576,-20.873121186167403
22,CH2677,0.0,22,-19.93907560127166,-14.111262417343394,0.07548344344345104,-6.729840377789552,-25.13580905464537,-31.158078610498077
23,CH2678,0.0,23,31.298192162581824,11.625209738243358,-5.210452707592621,-3.298721471891822,24.284309433445603,0.7190005427580246
26,CH2685,0.0,26,89.89965666271752,-68.11741252622618,0.53243882925801,-7.290488738607094,-29.02914499036175,-29.23041440807297
27,CH2687,0.0,27,5.8081674589613534,3.1428563267636154,3.690957024940346,-6.052547485235834,-31.934825966790033,-17.276999005977995
28,CH2690,0.0,28,149.09188659797854,-32.662690321300374,-3.689985671844896,1.2939717380179925,24.215027992788666,-4.832462504164241
29,CH2698,0.0,29,-30.551389652795443,-34.81606044720627,-3.298706047177672,4.061628611197449,21.70918369533894,10.011367938712056
31,CH2705,1.0,31,29.633091696748593,-8.562320057976546,3.486612094545114,-7.361564729525723,-40.299427916726906,-10.005549713263655
32,CH2706,1.0,32,1.3561063919652117,-25.98001521894883,-2.996562989955625,5.276621194958826,25.8729659071434,7.946421971710599
33,CH2707,1.0,33,136.02021788022446,-24.56668660332463,-5.293357323593411,-2.5927038302857177,28.736587400507364,-1.7997077407903461
34,CH2713,0.0,34,106.39975960927387,2.4912920655756547,2.2155232964893914,-11.60230755845705,-31.446782339702246,-47.21326476858245
35,CH2718,0.0,35,37.252202215157084,2.395613749991061,-5.277772419253496,0.6489319984716833,31.188739636176646,0.6262221734564406
36,CH2724,0.0,36,-13.603752431580823,-15.266674860137861,-6.666000095644323,-4.283551767143973,27.796932833495998,0.9688058681321934
37,CH2730,0.0,37,53.62523330702998,-0.15542394054442976,2.318506238177709,-5.81174630834887,-30.895774597577176,-29.526678328010373
39,CH2735,0.0,39,5.8154933028040405,-33.929608949861894,-5.250760415996819,-1.455083900788975,22.225273034710757,-6.854990805977714
40,CH2747,0.0,40,21.812399120438837,-33.716893124036304,-7.852874735517632,13.935168294066026,32.05478891795913,8.19550722200988
42,CH2756,0.0,42,-43.55549886937137,-10.051007241699862,-6.664874626295711,-0.2227364146550972,30.636229580219247,4.92108315425677
43,CH2764,1.0,43,-6.988402609297915,-17.78326664206773,-2.7875725655135732,-3.558377315664944,13.237613778062144,-0.04229166558479136
44,CH2824,0.0,44,6.995947775419771,-0.19006905566940024,0.027967817943637785,-6.7880456898641,-25.93435614852865,-31.049783043832292
45,CH2829,0.0,45,48.221867383295375,-51.36176403084343,1.9676898231174211,-8.050091523172677,-31.32112977561913,-36.78503883891764
47,CH2860,1.0,47,47.323044392937035,-7.041496685285408,-6.31521723800516,-5.300720884568538,28.691569712835406,-10.335299671266014
48,CH2875,0.0,48,31.55678430936293,-25.97905467403864,-7.102048571692521,13.06188941381926,29.38791936677872,21.181176197108996
49,CH2922,0.0,49,-23.266126920163313,-38.735076415595145,0.0426212520457685,-7.694026040940651,-24.489608366960375,-18.419775217651715
50,CH2939,0.0,50,17.801786402663595,2.834575195711535,-5.549546834588495,-5.8037945337256875,21.63503354549754,-3.4076299420491054
51,CH3173,1.0,51,-51.66765791289127,18.65051934948859,21.866864941025053,4.967451352115612,-64.37223157380812,34.40674553359739
52,CH3177,0.0,52,-15.205329192724873,3.390811665473513,-6.706083521568824,-4.84301232858454,28.19564127120989,-2.7908179956277834
54,CH3325,1.0,54,5.748021790392775,-2.963869310558519,-4.294118028102458,1.6898571619992406,25.738173918829634,8.984819837560416
55,CH3462,0.0,55,-29.188476398329332,2.6518943066732876,1.7146022094432907,-11.609606953185658,-32.505669607894106,-43.02023973741531
57,CH3484,0.0,57,-44.658629276722344,-2.4490809631658106,-3.8104523312311644,3.81087214958632,29.684447606739685,8.875119646086475
58,CH3549,0.0,58,9.45164147711476,-8.340324445788038,-5.282391382341741,-1.8590135299848471,23.81577711113201,1.113711053942815
59,CH3570,1.0,59,-51.48588008327009,-25.159413632942428,-6.198412622530223,-0.7910625870128936,31.48052349272081,-9.010721765033772
60,CH3613,1.0,60,-0.37681094107204305,-16.936795357694614,-2.873406905611993,5.646017498614505,22.287914354032207,14.927754048257441
61,CH3648,1.0,61,0.6447826025800075,-0.47695247997840107,21.489997734315477,5.662142786800866,-61.601899956970044,30.642748406403754
63,CH3882,0.0,63,-132.96513321424968,16.37047589919278,-6.198223118362349,-2.2001690072280935,30.20967603125221,-0.2948096674428342
64,CH3906,0.0,64,-86.7495411029641,-22.927919143343104,-3.990703440030061,3.4119306002136334,29.188603631977404,7.821480120300215
65,CH4035,1.0,65,-70.70315629034425,22.040535487543796,22.302125624580487,5.358435412580327,-64.69109500518898,34.557982446105115
67,CH4411,1.0,67,-70.27798466022736,16.32349960364892,-5.2731808085225635,1.5336405132966977,24.82555482632075,13.602615397645373
69,CH4433,1.0,69,-49.15221639919905,-2.7375257231257137,-0.17892848170556608,-3.9783407378166196,-18.58192488993784,-14.448290764528949
70,CH4438,1.0,70,-14.995646171449092,-0.7445853971590978,-6.240294996320524,-1.403372571881425,31.029539856003122,-3.7931101979734336
71,CH4443,1.0,71,-95.8508006980823,16.662897869000282,-8.096450006647997,13.29873335934864,31.885279037130093,11.770631258541542
72,CH4446,0.0,72,5.4916929376688595,-9.588664386779934,-5.947246900866946,-2.889034326644216,29.400035835298194,-3.8996838807440284
73,CH4489,0.0,73,-28.677997515443717,-24.336162526509685,1.3150077285435853,-10.069515742700144,-26.909805290419165,-35.130757190108234
74,CH4509,0.0,74,-81.59423510003096,-8.320211631394294,-6.794648118417813,-0.6227408189980572,31.751729531895453,-4.125566628567398
76,CH4528,0.0,76,-36.93256048591106,8.66044283731204,-4.949419386503023,0.8973460816367158,23.82801060949375,-5.546213427545943
77,CH4548,1.0,77,-44.930346576371754,-1.1756108062068984,22.656135687913796,5.030150927233471,-64.03807842371107,33.08992699989801
78,CH4549,0.0,78,57.77610589269726,21.15013042977449,-5.1031194452022355,1.6780284115973814,24.451783168027927,14.368562192462193
79,CH4560,1.0,79,-2.784310256788693,-3.87136093953093,17.66606708444413,3.8127479384684797,-55.08386786202307,15.283526042049118
80,CH4584,1.0,80,24.132359876918446,-15.437376812102315,-4.890028203434326,-3.3185839883552806,23.59707993158415,-9.064182954216967
81,CH4591,0.0,81,55.53804540916523,10.823746925069537,-5.483280555999634,0.8785238127737554,30.87692868975188,-3.066452745099724
82,CH4602,0.0,82,-69.90609147990983,-31.623468940990488,20.68542035459238,4.520364297529829,-63.452454897977816,32.35189976156708
83,CH4634,0.0,83,-87.95064504937596,25.935468381082234,4.426780615673132,-1.2119937436976285,-31.68090109535694,-24.240244927618424
84,CH4681,1.0,84,-95.45351297551407,-18.26038347856781,-6.082415193881847,-2.1993947311145448,29.240958885840694,-7.212139585220932
86,CH4703,1.0,86,18.315338142472097,-1.9972823880184483,-5.926868418887656,-1.5056998164771684,26.57011748789333,4.1488838177788026
87,CH4704,1.0,87,-31.343657344633524,-28.484054798147074,-5.928744234036742,-3.41326588632288,27.68686748072209,-5.930474192113117
88,CH4733,0.0,88,-34.0694748574389,17.723688860724952,-4.918321237237505,-0.3426645606868597,22.128112402559186,12.855085290960822
89,CH4745,1.0,89,14.85214780754051,-30.85725878766324,22.561249659594655,5.333492633081198,-64.07710834705092,33.200305708529626
90,CH4755,0.0,90,42.56969701341784,-28.483496147771778,-3.648420924548077,5.8333636442562415,28.69194123658284,5.496675025548598
91,CH4757,1.0,91,-13.834019849957231,-19.329141698137555,1.7330182960568317,-9.121216176071838,-31.21506466266545,-43.86394159707049
92,CH4766,1.0,92,25.20199039331114,-0.9618742201431033,-4.169015179926048,-2.534864563896978,18.691349459726904,2.430793646998737
93,CH4780,1.0,93,12.430068602613666,-7.828645170266693,-4.518423289902612,-5.544768489988101,9.950842315714052,-13.176738615028107
95,CH4840,1.0,95,-7.264328812382983,-42.472953655064536,-3.2971484492508893,0.7517882982590489,24.996872603250484,13.259794618543332
96,CH4860,0.0,96,2.5392273956026226,-30.19011152547009,-3.7938169027047226,4.769937964158267,29.1906025732689,6.690832924030737
97,CH4862,0.0,97,29.742967097524524,-4.486713570274502,1.0248640116075298,-7.914311422938379,-27.445920912302093,-24.49419973194526
98,CH4877,1.0,98,32.50746501417218,-15.148866734250754,4.810842828183243,-3.6709970556241744,-40.01188368488522,-8.054993673044983
99,CH4878,1.0,99,46.08546568559371,-36.31485450892994,-5.107384475203426,-1.9626997320333652,27.205954105733124,-2.7748464308425937
100,CH4891,0.0,100,-29.434641124517203,-9.645056728816925,-4.204062908409627,4.081740592551249,29.207363496773265,8.552403817613616
101,CH4914,0.0,101,-124.23295429329197,-20.88013495257175,-3.1246242593157514,3.5204330174270932,20.705219954049692,8.129454858073679
102,CH4916,1.0,102,8.99498841999774,-29.038106632486084,21.297081119438587,5.12008745249781,-63.40730163841572,32.11948451105613
104,CH4992,0.0,104,-51.56778533696788,24.11456292995628,-3.7534583289809507,4.654341245964337,-31.479807386790032,-46.507029448275716
106,CH5052,0.0,106,7.200840621492916,12.325714901767398,16.746074226528997,1.704347619686402,-55.19841323932952,15.897181638482387
107,CH5066,1.0,107,-16.229839611295066,15.771904919937187,-6.173492667589012,-1.3210308525637249,28.725474290845373,-5.393646944856457
108,CH5159,1.0,108,-30.112501776651808,43.319510297293355,21.823319787452473,4.908459084484244,-62.096389539138414,28.69957257099925
109,CH5174,1.0,109,-51.51006021407134,-1.8097655554088363,16.756098752774122,2.4237353844140834,-56.48137756108943,14.901546988548063
110,CH5182,1.0,110,-9.212870409119997,-15.604144673392426,-4.6963604558676275,-4.335531262360302,25.29202010341618,-5.426592492453949
111,CH5193,1.0,111,32.77595051452527,28.508989061131885,22.54777119730346,5.108898448365737,-64.88958649887336,34.91036038074071
112,CH5206,1.0,112,29.90920431539698,44.359316139468994,-2.8164729546248535,-5.35052821758609,-2.100490374324089,-8.147091603159708
113,CH5262,0.0,113,48.7204269605179,-46.81551414265247,-5.840105853361125,-3.8655817960262286,27.529304186215402,-0.46818352610976177
115,CH5291,1.0,115,13.106635376768908,-30.28555250774745,-2.5386431656725783,-3.426700486813223,14.931100973948784,-5.1947496480225155
116,CH5334,0.0,116,-34.33071855517368,-21.631328780409028,6.9397429121163094,-3.030964646315504,-39.117482959228674,-13.178984369351312
118,CH5356,0.0,118,4.050418106503133,15.977634765823877,-4.219596308811264,3.587201080970617,25.474089396393634,8.370751417148782
119,CH5362,0.0,119,-2.9625171530317504,-10.529264610766987,-5.1828052701677585,-2.907742372216708,22.23344743463603,1.5928278223005563
120,CH5363,1.0,120,84.33420547456198,29.491123926192667,-4.959226067208863,-3.11030180052156,27.854113313731293,-0.27966650328193055
122,CH5432,0.0,122,59.731419627340564,27.427262943403196,-2.7283502389852723,1.5048591460713432,16.949434446748807,-2.71117871974689
123,CH5462,1.0,123,-9.916533202172404,5.898449559823099,1.4332613106811019,-7.071788147157525,-31.22641879930409,-25.729732251383123
124,CH5464,0.0,124,-32.92257911982348,-20.301023864354544,22.654308832817332,5.2639330486560105,-65.16370988698917,34.92739282882039
127,CH5531,1.0,127,-18.220790798978882,-31.8384945861581,-4.93614994862494,-2.421800296971652,26.581595476926108,-6.35522780654442
129,CH5550,0.0,129,35.41184523785442,-20.364254950871164,-5.277215260151898,-1.1521818970865851,24.03235981067787,-5.0791424783729155
131,CH5591,1.0,131,43.34868447191373,34.849780383454664,2.900616058283261,-7.427660122716551,-35.70803092967706,-22.789874267794573
132,CH5596,0.0,132,-24.562647144160866,-26.54182992359184,2.8953851204386494,-6.611626228600137,-29.98846303723401,-27.733866301431675
134,CH5621,1.0,134,-5.627218640387865,-31.039049862175084,-4.942611295642064,-2.0162785346166006,24.627680865842738,-2.1551658509969016
136,CH5666,1.0,136,-21.769879140172677,4.4623443387943516,22.60910362202005,5.087492501218367,-62.89058509107468,29.546000679832204
138,CH5695,1.0,138,42.57802567095353,-24.921018766163847,22.225280166837013,5.239722880581562,-62.494687056991495,28.87156487326611
139,ESP002,1.0,139,-44.8002869882823,45.18912128847703,0.6294685164866831,-8.301172788391181,-26.390867510105295,-28.301591304483313
140,ESP003,0.0,140,67.66812991110102,41.25308496661719,-0.4329148004564338,-9.247503708848456,-20.674926367402744,-33.120128633696055
141,ESP004,0.0,141,-54.55777424979295,13.005395641599875,-0.5189384717019379,-9.171447440573443,-20.697752835617017,-33.087295180412205
142,ESP006,0.0,142,-20.265411195789518,8.166499005476147,-5.247599944361969,4.006854132310792,27.260418353633003,5.013599059046349
143,ESP009,0.0,143,-25.56113167621809,8.215442321299921,-5.861409679138325,-1.4876223043247796,28.828996647625143,-6.36897911380575
144,ESP011,0.0,144,45.60434442163172,72.25438456563953,-4.04938944290682,8.192255528099187,23.783311360399207,15.270435206242816
145,ESP012,1.0,145,-24.34605781299755,14.580226545437071,-3.817829396768564,-3.104183814345065,12.904543307017622,-2.060741726317005
146,ESP013,0.0,146,-47.827117739987386,7.207833914525195,-4.981728902685199,-1.5941463152871975,15.489931039211452,-2.852932488716995
147,ESP015,0.0,147,-36.10106824533088,23.54970990280877,1.1175715450428536,-8.440060706464882,-28.38720403308244,-33.79387131930356
148,ESP020,0.0,148,18.809606031521035,12.57664511957054,5.170083409883985,-8.454362238393262,-39.236754664819635,-18.28861494736705
149,ESP021,0.0,149,-24.170187457186053,-40.77770920542527,2.720156130907493,-10.135730568695669,-30.24018651455168,-47.05293864923271
150,ESP022,0.0,150,19.97926366679207,61.38784972546261,-5.2463649033228075,-0.16082646947281454,29.043923038798905,-0.9861102131448689
151,ESP023,1.0,151,-17.960055793639572,-15.40410957179913,-4.009465468886801,-2.8721558586035094,17.973661014921834,0.791576406613899
152,ESP024,0.0,152,-20.33779737963819,-7.893313243939922,-5.4036785827098415,0.2713880901630148,24.287727418393953,12.816521262557465
153,ESP025,1.0,153,10.441986633183294,-2.6333656785585666,-5.807615888388225,-1.7753488530930026,28.730812057153283,-5.999068302004154
154,ESP027,1.0,154,-7.443849676626805,-26.420086189063472,-5.379927124050752,-0.6802742071932375,24.12657111824112,-6.165902419999384
155,ESP028,0.0,155,2.504436642571518,-37.036967410359146,2.5982242360735706,-7.146276783372196,-30.61786991855438,-27.705194939895815
156,ESP029,0.0,156,-12.804657845781058,50.676770675754234,-6.136144654718586,-3.0804809105972346,28.575128101949144,-7.460417484309993
157,ESP031,0.0,157,5.793820123234978,22.556492128512875,0.9788591389118102,0.33813117731411424,-6.327267791773313,-4.141543247581488
158,ESP032,0.0,158,-35.4460029593611,28.999306188027134,-2.2040419027286147,-3.87066576934825,9.60077290976167,-11.24937855450392
159,ESP033,0.0,159,-15.552087033736465,9.047087444515666,1.6615913263739885,-8.679397929922436,-28.460843196636752,-33.800944284388365
160,ESP034,0.0,160,-7.334444352254366,-7.499611228632268,-2.549837995763804,-4.847230744317247,-2.9870653906686115,-10.209174481146839
161,ESP035,0.0,161,-10.594586955401615,-7.9547999562561715,-5.85920519187447,-4.5432018667762435,22.10010222296479,-2.155074634833497
162,ESP036,0.0,162,-6.179643398111324,-9.17599018524187,-5.012784840793927,-2.411275817427742,27.211960150298385,-7.45799130872107
163,ESP037,0.0,163,-27.161627213656537,-4.238190379408721,1.7130885419685005,-6.383835521926144,-30.315395797562072,-30.32211796225729
164,ESP038,0.0,164,117.00784081030187,20.352884914599073,-5.380764481118285,-2.9201612981822294,22.51270678627922,4.180915073561756
165,ESP039,0.0,165,109.46069800803461,63.420322608362206,-3.1888317076142743,-5.464824267531558,1.216580183735065,-9.248994194295221
166,ESP040,0.0,166,96.92271327842066,50.901839934090994,-3.183302416991274,-5.383978497950492,1.1743506683486196,-9.367143422427617
168,ESP044,0.0,168,35.54046920817343,42.25358571235322,-5.995097892754509,-1.5679723700282207,27.3853923792192,-2.298336534448275
169,ESP046,0.0,169,-6.121597097163659,-8.409029257831536,-0.6609315268133504,-7.814433808126282,-24.33021773869252,-31.708262332822443
171,ESP050,0.0,171,8.750229029472903,-28.50297744667272,1.1888671894920557,-8.511216731796942,-28.838860015154566,-33.2308505492378
172,ESP053,0.0,172,-28.972136714928073,38.55115053560626,15.32097410802645,-2.619688028408566,-56.73797795484248,13.407863274544674
173,ESP055,0.0,173,-3.460203755382498,-25.457472649001023,-3.841831184211614,2.7601209038548795,25.55107921378708,5.264056108305844
174,ESP057,0.0,174,-0.3939159317269291,-32.9196183560372,-6.842841549424182,-1.6067181799447008,28.261066875314878,-4.568638102441824
180,ESP064,1.0,180,-10.063825301807459,-35.12012351116279,-4.104010697016794,8.779848771643346,19.902469583483434,26.863819432304737
181,ESP066,0.0,181,-74.86024135649943,30.37533972299487,-2.833231340667244,13.821790571282746,24.81381561634387,7.848972686319989
182,ESP067,0.0,182,-117.2007296715837,0.9335342048966366,-6.3893037745604095,-1.323518091722332,25.82999667073908,-3.8098033271430083
183,ESP068,1.0,183,-129.6825768273454,49.24729463615004,17.441464517791815,0.9261150909418738,-58.812682356916696,22.853049585268707
184,ESP069,1.0,184,-110.29620890463758,36.03668898600982,-4.270544461033275,8.834423009475989,20.163999693809462,26.142029192218303
185,ESP070,1.0,185,-78.7891364679462,1.4268306458005267,6.477400896700547,-1.608310539433905,-34.229498244160844,-24.47310170295209
186,ESP071,0.0,186,-81.96775667018062,-18.343584024622384,-3.263771287018978,14.064485146620965,24.969010991299537,6.349487719588467
187,ESP072,1.0,187,-93.2324760048679,14.080926249173745,-5.692670699789894,-4.8608026689393915,24.34722417934457,-7.2511920040107185
188,ESP073,1.0,188,-94.4683818599302,-4.296886701310063,-5.67402697186595,-4.784382160409726,25.348272602127448,-8.891808342050247
189,ESP074,1.0,189,-99.91946383771061,0.992458044649155,-3.146451398910728,13.83307733942902,24.9387026142652,6.75025182374506
191,ESP076,1.0,191,-36.14072131437558,32.5538184591933,0.5177873687346619,-9.712052401998243,-29.275770896193507,-23.178227479525873
192,ESP077,1.0,192,1.9988655730103688,-7.110662044581866,-2.506945335314943,-5.52560840754545,-17.721690568708564,-21.317254985842062
193,ESP078,1.0,193,-17.886655592493852,26.471154616307913,-4.187218249020953,8.732287293696439,19.830923559508197,24.019043108869482
199,ESP088,1.0,199,-53.733202194756586,17.488861152946082,-3.4499375834486505,14.157991700830925,24.876478688358244,6.572133453340697
200,ESP091,0.0,200,-31.229750813033846,20.331904104307668,17.33455088039189,0.43179309692209245,-58.294056327829765,21.292824754241906
201,F1659,0.0,201,51.32792771029978,39.838498291827094,3.2005441091529647,-1.538584956322171,-31.175280128902862,-26.215262820402007
202,F1688,1.0,202,13.22686567826757,-10.655908405565569,-6.048135741860063,-4.466705659733071,27.3640771381386,-8.53793972178579
203,F1689,1.0,203,-6.976230384546695,-35.869598504086326,-6.073867066852327,-4.555129484992251,27.238402013451743,-8.353202608140961
204,F1697,1.0,204,-3.7389957124593347,27.055843185462166,21.07650661361495,3.5309939568086204,-61.9202089853182,29.519275612428444
205,F1706,1.0,205,-24.70589294363755,-17.840035747300533,-7.565425649197869,-1.6600230598292027,32.49658446106896,-8.414650505001191
206,F1712,1.0,206,-28.77597006354313,-5.263335692212156,-3.156278509519382,13.461429994243625,25.380009752854722,8.167382455563448
207,F1724,1.0,207,-24.459738936930012,13.461053435052916,21.404920766464556,3.58460050750322,-63.13884588303149,31.57792136615315
208,F1727,1.0,208,42.76881842688291,5.980205260318997,-5.607161214880289,-3.131233935218365,28.15993624013029,-6.916387867361571
209,F1741,1.0,209,-29.779305824090514,23.936473272462354,20.97782347972947,3.5970484952746684,-63.53251695186245,32.715688301223096
210,F1745,1.0,210,-39.09661284043888,5.602274096577914,-2.4008323178821636,12.346554256587295,25.381404788394416,6.00440136471088
211,F1746,1.0,211,-58.95332284544097,43.83229893872245,21.11785216014684,3.405777797547209,-63.03388895346731,31.76598589408394
212,F1747,1.0,212,60.45371347748152,28.879459675747654,21.563178485592502,3.6957048265771792,-63.15178660644709,31.53881385051993
213,F1748,1.0,213,40.61559841794512,10.04584865739083,-7.671788139929492,-1.5949155663899104,32.49613613330679,-8.11009463602754
214,F1752,1.0,214,33.52105564318349,1.4881913602928307,-3.7997045197581993,-0.5994647109419606,14.56037681532693,25.398346536155387
215,F1754,1.0,215,9.027369825283202,38.74152495548642,5.049949823460139,-8.81999390560874,-40.12922461859329,-14.718404331106782
216,F1757,1.0,216,-69.60366961286186,21.373553060799,-3.9053889925539496,-0.4562782422376106,19.79244117253806,15.427226466498325
217,F1758,1.0,217,96.56441129428812,42.78221657038599,-5.82384505677981,2.762880664274709,25.484263161017164,6.472521887566927
219,F1760,1.0,219,22.334190394636106,18.901489076669314,-3.9050514466786312,-0.5089052348577461,14.790940541190114,25.14987688209817
220,F1763,1.0,220,32.05851561716266,-1.022291928639408,-3.1898752636336156,-1.7021158212140186,17.49194604665332,14.714276451989022
221,F1764,1.0,221,-0.8865744238041523,-3.0500400251475352,-4.36337104308889,-3.4707736632282495,22.113249861253475,1.9208507160513477
222,F1775,1.0,222,-17.543946200248428,-15.307264308606113,-5.579585663677922,-2.231926511420074,27.38667737661356,-1.1542765102012922
223,F1787,1.0,223,15.472874758473713,-5.863161228956861,-6.90376069752367,-2.6853308856248486,30.45289570432433,-9.004523234542347
224,F1789,1.0,224,-13.399619003757966,33.36622723500533,-3.7475005566112074,-0.6632653662258559,15.265306039029202,20.04688531030473
225,F1795,1.0,225,-23.43273835062327,23.447825543630596,21.18956584937725,3.284120794291429,-59.363605479882125,24.10162733705532
229,F1801,1.0,229,-65.19414902529246,16.7894366079033,3.7639893531557718,-2.091905946986225,-32.39617071100247,-22.707578350931872
230,F1810,1.0,230,4.1104709884128345,31.554896625138355,21.57030070729153,3.5208972143616855,-63.1701517594662,31.777911553239605
231,F1812,0.0,231,-76.83679997624964,26.373871857062383,-4.002597028531558,-0.8002463882823339,14.759039952855229,23.956654857150582
232,F1821,1.0,232,-52.28912402041859,26.171806774371998,-3.916092122353896,-0.640992085068202,14.397142930150114,24.809442409619493
234,F1853,1.0,234,8.665994822196204,13.981283084862275,15.967423428919497,-0.9733921022169465,-60.92748949164861,27.290442620527756
235,F1862,1.0,235,-14.212473919367142,-5.3674534966005565,0.8983689541197062,-3.054413729340278,-24.993109708626527,-29.53496212132611
236,F1864,1.0,236,-64.92111231217896,-17.817311065468115,21.360248214753657,3.62032335063353,-63.29417519050584,31.762838471909703
237,F1869,1.0,237,83.4421406870539,-13.709190810623198,18.867457101235093,2.0863263340223313,-62.38472744000129,31.097135502144013
238,F1880,0.0,238,47.01715277451844,-23.493630012787293,-5.9746764626307165,7.913580738152072,29.813275616136767,7.568397480783965
240,F1894,1.0,240,-5.132064735039198,-31.049750039298218,-5.802249123928226,-0.07343173616959398,23.34651730879339,8.079801813201392
242,F1968,1.0,242,27.49588515599742,-40.29618930236291,-4.692187419629803,-3.950119384440373,27.88426783745987,-9.515892975354951
243,F1979,1.0,243,-1.2839877288195,11.034009547444075,19.760536755966488,2.420795190317934,-62.203899150444535,30.564286340860107
244,F1983,1.0,244,35.41249899126933,-1.145004499587854,19.640574479620163,2.2641945871136535,-62.243337688024155,30.791404076108492
245,F1997,1.0,245,-3.8925867366460616,-1.3268571343937354,-6.595165089129211,-2.060004249732362,24.637635455610518,6.116728114588923
246,F2000,1.0,246,-34.21353483614197,29.749271584520464,20.92228804079428,3.4904221861197193,-63.19172950177247,31.516756300689906
247,F2003,1.0,247,45.181894668148665,-16.116977513345837,1.121312886225961,-12.486969861177046,-30.33082318450123,-47.818397139826565
248,F2005,1.0,248,24.010419023126264,3.405503021657257,-6.52512170107246,-2.2888058235299464,25.305582712534775,-0.3317192429968898
249,F2006,1.0,249,-54.55591516523422,2.76186375751453,-8.338389330248818,18.056245316197113,28.883183207263453,22.455294897429837
250,F2010,1.0,250,34.878017601657085,9.59312143544925,-6.857800323890724,-0.7416854075174477,27.514533594111267,5.227929911488047
251,F2017,0.0,251,34.23918861722084,-34.56684985694811,-8.279676300216263,17.120798516758853,28.939087376974367,20.437620720434182
252,F2020,1.0,252,-10.793689401296298,-11.623522943537193,1.0205949481582433,-12.429042756920332,-30.287780269328792,-48.05300557936166
254,F2030,0.0,254,39.9458618612025,11.429176918193686,20.204059582096487,2.7611032293212574,-63.2610162116649,31.372419469689206
255,F2034,0.0,255,28.58594088637749,-24.350332903431962,-5.805008251270692,7.858668277797042,29.60939849223944,8.18899696705872
256,F2035,0.0,256,82.20114855223969,4.719383582951318,-8.287319348001441,17.093469628929697,29.1128705950003,21.498757251080676
257,F2040,1.0,257,9.833034055878219,4.042925996211724,21.411612227289375,3.6228639805854677,-63.32878026122765,32.24172326622721
258,F2044,0.0,258,29.970798943766077,-29.038043416704486,2.267418009635346,-4.340481951211628,-30.06836785425794,-19.41408794212838
259,F2045,1.0,259,64.6478200967758,59.24893403768025,5.101116367688297,-8.437004280491976,-40.08391192083901,-16.572517721369987
260,F2054,1.0,260,-25.60770300799044,10.771988040407887,-3.7702213999096283,-0.9536341629132927,14.984125228418048,24.43977825446072
261,F2055,1.0,261,-10.334220896565332,8.64321155823221,-3.155982516838379,12.869399749563042,25.276546165361335,7.402523522858992
264,F2064,1.0,264,-38.692594451146704,27.155910691098775,21.225326496532293,3.718612312215397,-62.45702929660705,30.343846050828603
266,F2073,1.0,266,-3.9150361771697093,-2.590033046910021,4.027127858684785,-6.930214332332869,-35.9395429263842,-21.34152982223906
267,F2075,1.0,267,-40.89139326325281,-9.106478452106028,-6.0435319571218304,-1.1098176492347314,29.91586982829907,-3.278584513786555
270,F2093,0.0,270,-37.968322027198354,42.2325479264035,-7.3919014357278865,-1.4062849623027587,31.184087900698632,-8.308244078936319
271,F2097,1.0,271,-19.353092275809246,-23.296720344098503,21.282900210080108,3.7196046814794066,-63.29294700380096,32.621582926172024
272,F2098,1.0,272,-31.400379171170734,15.907526200904801,-2.878049616616647,2.8319786345030913,19.290414321368377,10.774086882560546
273,F2119,1.0,273,-0.020648068648665925,-25.171827225919362,-7.973637087590654,16.38588473499584,24.70353686155512,19.52913871130923
275,F2137,1.0,275,93.99597908881393,54.02954413158531,-8.20404887109759,16.901693848652634,28.58378383678267,20.462560529785947
276,F2148,1.0,276,-22.006329795954112,12.77378498929524,-8.209942598855774,16.964586106143095,28.9654660232228,21.42978001053153
277,F2165,1.0,277,104.03423743656988,59.82711333401465,-8.198685694090706,16.904714701822854,28.820094999483917,20.930429013663243
278,F2166,1.0,278,-5.7897854679194465,-8.227585709221518,-8.161202738442867,16.8722413800199,28.882506259433217,21.809432044932947
279,F2167,1.0,279,12.655555359247604,21.676156149888968,20.89646353680163,3.55694532110436,-63.21058080016209,32.033188683400965
281,F2176,0.0,281,-48.14080990249711,29.573949446286225,-3.824810344693735,0.1815301159339242,17.085499745760988,21.826662217226968
282,F2199,1.0,282,-17.24753267641529,33.16924344721518,-2.845368309717717,13.415238838048376,25.680411022798072,5.910761930537525
285,F2230,1.0,285,95.93347254009994,61.1832424815066,-7.07275250104409,-0.9695127047048384,27.86245381163678,3.5170244312891796
286,F2234,1.0,286,47.09779591001444,21.921774528884402,-8.10022922190508,16.933637916818668,28.703677282852208,21.040413705208238
287,F2235,1.0,287,-16.69065406517285,-3.991469046583013,-2.476729210738327,12.360493040559264,24.884648293627667,5.704837418810271
288,F2236,1.0,288,24.63364650543377,35.87841830138186,-4.2625701236488185,-2.394326133063575,25.18301284425947,-0.7805330971640672
289,F2240,1.0,289,48.14555238046063,17.872858232062036,-2.8396098430882284,13.370135721144065,25.617865277524334,5.916842564339213
290,M70563004,1.0,290,31.585644384225294,41.7149937965107,-4.219478123307452,2.6615491218728167,22.19765094209242,10.153828599172748
292,M70565254,1.0,292,-65.48483974630554,21.218376481788056,-7.5309083790411,-1.1652672028749267,28.465019066444423,0.3788597424573368
293,M70565897,1.0,293,1.64801911188689,-5.028117185675293,-4.19184161950758,2.181973660502967,28.430393364608758,2.6419288780849755
297,M70638412,1.0,297,-6.173204840455855,28.54304475577479,16.301820119200745,-2.1584064741365054,-60.0850581219897,24.08070128898457
299,M70640096,0.0,299,18.482002964309594,8.43976093907728,-5.125098725818243,2.193014402695848,22.565861713156625,16.03219080913648
300,M70641593,0.0,300,-1.7060726980001326,-15.802054506836258,-7.47049197176735,15.178128152457676,29.067625691291592,19.077689177712287
301,M70646050,0.0,301,126.1184247070637,38.01190953911549,-6.548246452347195,-1.572755239628771,25.569424115895433,3.808201621805935
302,M70646077,0.0,302,61.58474804038167,8.894412663662044,-4.336999297410558,4.281707107486577,24.452171183450947,5.558876153549662
303,M70647319,1.0,303,52.03355393769139,18.372833597581977,-6.140873398634486,-2.0242568149052227,27.902485057887507,-2.919084327198725
304,M70649365,0.0,304,2.924224428570366,-10.242273506909164,-6.818080586655086,13.101341857656005,28.47238284692241,18.822563959254097
305,M70652746,1.0,305,-27.504062411098847,25.605806953254046,-6.786253221469039,-4.931006082009252,26.57676972865516,0.2083654281194569
306,M70656672,0.0,306,-26.949624450986136,-10.586484807421074,-8.742210019863629,13.925201323613587,30.688694366276923,9.043884303347951
307,M70663247,0.0,307,-23.3856654859134,19.359667655707444,4.745744524228404,-3.9892495667290016,-32.840949287838576,-20.795142021528626
308,MHH0147,0.0,308,-58.82698731968735,39.31068823763427,-4.574205681908307,-3.1301009521498573,20.261499060345212,1.148223179525651
309,MHH0426,0.0,309,-68.65474206666713,2.261505761127677,-2.92935250972739,4.591152116644608,18.70282130980289,19.587540496698082
310,MHH0927,0.0,310,-59.86532564537388,25.930932694975297,-5.583305478631083,-2.656531171728772,26.253268538840675,-4.134927946967004
311,MHH0985,1.0,311,-75.5613194138443,25.708451011874466,-4.668275699676853,0.05350612532785881,25.435918414041932,8.03368242709324
313,MHH14929,0.0,313,30.541643621076762,-10.438724168686834,-6.095324443465459,-0.18560015004635666,24.3133270168636,9.267957372639735
315,MHH15015,0.0,315,-52.47401584002664,54.923834216520845,-5.573884570451274,5.507972456021838,24.58554876840847,6.9404718382223365
316,MHH15083,1.0,316,24.433648646173708,-12.440515404512237,-3.571881296752482,12.811594548105456,25.17476372942136,6.919093849497983
317,MHH15103,1.0,317,16.778181492204688,-28.35002533280079,4.655947299640673,-4.361564909672555,-38.47243922555981,-13.87316532587802
318,MHH15151,0.0,318,9.552952343837696,-37.39181560008805,-5.863493909723767,-4.889215145543528,27.400916412999248,-7.939597082330572
320,MHH15204,0.0,320,16.392165038935243,11.931503817161142,2.5234367672437426,-10.434681177073436,-31.43597071199691,-46.40209375603076
321,MHH1525,1.0,321,30.464685367733864,1.6738831017308382,4.929707894798634,-8.59702551435203,-41.01180299171407,-14.03825558173427
322,MHH15275,0.0,322,-2.447088578825914,-30.148795097174382,-3.451595536676571,12.618363246687169,25.393943843383784,6.27633156440627
323,MHH15280,0.0,323,39.84682797195358,-27.344015482392628,-5.67110515155622,0.6102377971813198,24.632819682665644,-4.183270799984584
324,MHH15817,1.0,324,10.606955487444825,-15.002723437638002,-4.949073063253327,4.284256739777209,20.364627577811138,20.83424762886682
325,MHH16050,1.0,325,24.36745012389688,-20.09376506299587,-4.980726011409202,-3.5097132465584133,24.44235783283636,0.4744880849218305
328,MHH16379,0.0,328,10.487878266564344,-18.54774759113976,-5.909397244684626,-3.0314240517135076,28.16478125680654,-4.873448068223837
330,MHH16459,1.0,330,33.0739863218169,-4.9071089063775055,-7.538848074871377,0.4034701070551616,30.749208767417652,-4.514525188094119
331,MHH16513,0.0,331,34.46649999186113,-9.278846925529646,-5.923551669586063,-2.944930240673531,29.516601838012622,-3.3130168714571795
332,MHH16530,1.0,332,41.33544243144007,-8.373551523034582,4.64349240484473,-1.4667541730532463,-32.30108049019505,-24.298201263601953
334,MHH16610,0.0,334,-13.512864323466555,-26.712100420842297,-5.932129965189248,-2.8215415763822937,29.54117831431807,-3.311041221155733
336,MHH16798,0.0,336,19.865305295045495,-8.539460636716546,-5.947207754296306,-2.9252840281474883,27.82869848947048,-4.772549897381069
337,MHH16951,1.0,337,53.98766947348654,37.320066205755516,1.3915371725876475,-9.24315208880941,-28.37605899228281,-25.629517259363016
338,MHH17233,1.0,338,1.5297128293684095,20.231137685345175,15.631306516031563,-3.556789549907455,-56.2522807641396,13.250695067000443
339,MHH17247,0.0,339,14.368730288256613,3.1499634238286225,-4.430672798079796,3.1389476453433964,20.540765775448815,5.416123119690397
340,MHH17441,1.0,340,-9.515998724579596,-0.8039824572856574,16.191087564317943,-0.09879860172583754,-56.256143290394235,13.337971404130307
341,MHH17501,1.0,341,1.8262584093084777,12.707378460030641,-5.651396701632888,-3.1520123115497123,24.469622138582327,-6.630317297441593
342,MHH17546,1.0,342,37.36805500110773,-25.691716695247326,-5.53985195133582,-1.703042748105715,25.121457575223534,1.442001566805402
343,MHH17767,1.0,343,-2.219903726281583,9.941581322543739,-5.419969320530972,-2.9426107304920306,26.680183621193333,-9.405367769731448
344,MHH17783,1.0,344,9.976580614525117,12.416575521358725,-5.718275852144107,-2.4299544823158685,24.992272208189572,3.0659333324983535
346,MHH2419,0.0,346,31.53009974603632,27.91714322134231,-3.6933844494380317,2.4291160125925764,23.32932613339999,3.01401835380792
347,MS1,0.0,347,-78.17507928563936,-8.55371781739742,-8.270377602693074,10.498897381394025,31.897607458154457,8.422520535912618
348,MS2,1.0,348,-10.607808524707696,66.27554552401612,-6.541412236651008,-3.813085829330851,25.814009733782502,0.7537928404003225
349,MS5,0.0,349,-113.21084102787776,30.447495040204036,-6.487305712281906,-4.1189006561567565,26.28957310323636,0.17314207146571192
350,PSAE1401,0.0,350,44.53039484760964,-38.59561529555687,-6.035212855588326,-0.5835225527445012,23.060843968982386,-6.341235696354715
351,PSAE1438,0.0,351,32.534297879604104,-39.90310875025009,-6.039393568900841,-0.5690788822161554,22.895982659316463,-6.327100662076042
352,PSAE1439,0.0,352,-16.372985343677858,-27.41892970740587,-6.14519367691236,-0.5670803177756909,23.395618890710008,-5.93923899217571
353,PSAE1630,0.0,353,36.06187062478381,1.8715754130282396,-5.389688826553756,3.624777467826215,28.285057963914657,0.8804846763095284
354,PSAE1635,0.0,354,86.71802674728048,-20.44607257389049,0.5789041408219193,-4.717045311819105,-27.906928067618008,-29.05597005891536
355,PSAE1641,0.0,355,1.323453471516972,-20.34158493565947,1.4396756873279057,-4.694692638805281,-28.397350346296392,-30.871025921660024
356,PSAE1642,0.0,356,24.464370600088476,-5.9887224379427995,0.6469466182113555,-4.561398490167746,-27.848174865713045,-29.24518859628944
357,PSAE1645,0.0,357,-25.57801242995981,-26.9624250766796,1.4306805175179662,-4.758028672393881,-28.390187609194633,-30.90623067643198
358,PSAE1647,0.0,358,15.260298481320898,8.450042478994382,0.5807791698407623,-4.600758350038254,-27.45755933748198,-29.15391169586674
359,PSAE1649,0.0,359,-16.609081674751554,-3.106809517622501,0.5812146742189841,-4.550909892178188,-27.408316678082578,-28.936285255688148
360,PSAE1651,0.0,360,-22.757625808136595,-6.449413526874482,0.5638303213912785,-4.625278026507768,-27.691338267166525,-29.179959148069056
361,PSAE1654,0.0,361,-49.2334465914127,1.6923022720330596,0.6515545529015274,-4.71113074334607,-27.442884142180212,-28.867218914106626
362,PSAE1656,0.0,362,10.192986100428865,-21.78558764602693,0.5112649824879669,-4.586315304410374,-27.702548221874817,-29.325022034781625
363,PSAE1742,0.0,363,51.66683609356728,-40.429022330569445,-6.051526237727313,3.2169457129233336,26.134959111007436,5.312057968492823
364,PSAE1745,0.0,364,57.7610653224221,-9.783487915417577,-2.6452441633475674,4.384434289215671,21.506231179991875,10.706423836860381
365,PSAE1837,0.0,365,-32.903111117958645,-5.460427902134454,0.5667621873897926,-4.7186690386052526,-27.67264078676983,-29.5929511364426
366,PSAE1872,0.0,366,-30.33922745799571,-0.11833538544767629,-5.171477827353193,2.0894854542776304,28.09513083704996,-0.2533181887607796
367,PSAE1903,0.0,367,-43.82642535118284,-27.17585532428347,-3.361220200634611,3.9562114551974954,27.815923053087626,5.380453254062701
368,PSAE1912,0.0,368,-15.659535679186927,-8.997372326368547,-4.624734176080725,-0.1620902887016502,25.643146077360516,-2.4571604856937483
369,PSAE1934,0.0,369,-16.94569831251687,-18.14781936508939,-5.61514032174403,2.1056973424012444,24.204606141815756,10.765108365000984
370,PSAE1970,0.0,370,45.80992205841729,-21.565036848004073,-6.1977943204862775,8.139116081140491,27.650857532846192,8.959510677551123
371,PSAE1975,0.0,371,-0.1403826928456596,-9.762942162713923,-7.486498514573405,13.102590743724127,32.15620596008368,4.876216840886926
372,PSAE1984,0.0,372,-44.3869264091296,-14.591290576111106,-6.181470727150307,5.210622593032271,23.991186057960665,7.583036979417805
376,PSAE2139,1.0,376,57.41670636401024,19.940212063834682,14.114273683645267,0.7120734366176915,-55.01333524719091,17.351986236296177
377,PSAE2325,0.0,377,37.55593353507478,-31.593818399944073,-3.8270262407636544,-4.093863394794371,14.477608410686702,-0.021080413534448894
378,Vb20477,1.0,378,-40.34869212116122,-9.5537051228151,16.470074403065606,-0.42597743976651614,-60.45727165190736,24.863158907416704
379,Vb3320,1.0,379,34.35176937179314,8.643930400391636,0.4771045421968363,-9.535056736859902,-28.405460320547217,-24.968035023512474
380,ZG02420619,0.0,380,-10.640691591380143,-18.74679763257193,-5.874025082394464,-1.5710235267482284,29.23833030553423,-9.055926634698075
381,ZG02488718,0.0,381,-16.461551035756564,-21.973802591491733,1.8829780249182544,-11.150365355884908,-31.698013441337448,-46.9255598753088
382,ZG02512057,0.0,382,11.103881349822245,-18.541453836847506,1.4913780358558937,-12.583236742769909,-31.70083987308353,-46.85181721890792
383,ZG205565,0.0,383,10.320791762502678,-36.11333521039318,-7.448957919531002,-1.7873792996572346,28.151751895355613,-5.685955877720765
384,ZG205694,0.0,384,9.955649184323248,-32.705124484922266,-5.4163289422001135,2.5686751453650096,28.014431552534635,-0.6776349998092925
385,ZG205710,0.0,385,91.51633675553278,55.6715588757208,-7.323379433715971,-2.8746346975905634,27.420048418167735,-10.624581476232102
386,ZG205864,1.0,386,-16.311620764614343,25.664060583414333,-3.7134650179163966,4.859846010837797,22.38054462250574,9.191661424434244
388,ZG302359,0.0,388,-18.413183817865143,-9.9740147687104,-5.934060303647852,0.9241305584370796,27.904252948084842,0.8524012239395446
389,ZG302367,0.0,389,-2.916489078731453,-19.723754203507642,-6.300989153514414,-3.9825918098477215,26.59316246032203,-0.7734328827038013
390,ZG302368,0.0,390,44.6569946692227,1.4986555617274953,-4.65292164066513,1.5576840591381664,23.81713084984216,8.109915858866948
391,ZG302370,0.0,391,16.40596523399862,14.912014013677323,-5.222976062637858,2.684829308079763,28.136652475850884,-0.7069440972052732
392,ZG302383,0.0,392,0.20915399145102523,-5.785284370507647,1.4389062163496857,-8.354964640434236,-32.184658485964746,-22.963453392731033
393,ZG302431,0.0,393,-49.048598631627726,-5.207097112800595,-8.152725647925283,9.239992145656947,30.032762358540904,12.668432684390517
394,ZG302432,0.0,394,19.691065760071865,-45.6860645995908,-5.032743184498544,-1.9368787538928016,22.426932022324248,1.9144219807903298
395,ZG302442,0.0,395,-57.354025188051764,18.48344222945302,3.367145071881284,-11.712826097227262,-33.65462304827536,-40.47434725387364
396,ZG302451,0.0,396,128.5859783605613,17.45125658289906,-5.897930684234558,-2.6188039163980124,24.221617255148548,2.0536076440256608
397,ZG314696,0.0,397,-18.926225127967665,-23.49590040862112,-6.925579612844567,-1.076007213262308,28.147876373623664,4.193087346959246
398,ZG314738,0.0,398,10.734706886471605,-26.964096813506387,1.5382179007937629,-11.838888959466644,-30.2724618861082,-47.77961123219696
399,ZG314777,0.0,399,124.40267733887916,31.206997327330768,-6.136916955219141,-4.048104571129538,25.8084646952942,-3.052938588091166
400,ZG316694,0.0,400,40.74344205277163,-36.14650246268156,-5.953534763599626,-1.5311149524576004,26.036410242339766,-4.564164126552683
401,ZG316704,0.0,401,48.537574882915564,-1.4418570728066138,4.723471332849976,-0.6548577372466031,-31.552463026518897,-26.993964768896358
402,ZG316716,0.0,402,34.58845433497404,10.070776336973234,-5.585871655020637,-1.9334516775041708,23.720920542380465,5.608402825742431
403,ZG316722,0.0,403,96.79068577312604,55.92499986422594,1.5863712482220749,-7.738002533487471,-29.83284310135456,-26.12440548161332
404,ZG322541,1.0,404,12.335994389265828,-11.230833684727052,-3.342517268000079,4.910599670803926,22.481191193739765,10.508349272750209
405,ZG5003493,0.0,405,5.982105002412077,-29.10160619811167,-4.910709866355102,0.9347696659502063,26.47743950234616,7.646146635622948
406,ZG5021922,1.0,406,-13.315959234414596,-8.943382780330701,4.903427710494592,-5.787794740195135,-39.420858731573546,-11.531952289659245
407,ZG5048010,1.0,407,26.45626097207516,13.748922138317823,6.494490323103265,-5.378158794928602,-41.51307138657401,-8.166971879069578
408,ZG5051896,1.0,408,-1.0696638731800487,-13.681134199896936,-3.311231118984444,1.304410218466737,14.318906416143609,24.67628197071099
409,ZG5089456,1.0,409,-14.024041112639573,-6.267485590610852,-3.0331627891353135,5.942464059840708,22.873216105836644,13.808989915249938
410,ZG8006959,1.0,410,-20.772130259479987,-9.283433869675541,6.531615345059099,-5.239819017848772,-41.36613134681578,-8.461153307033179
411,ZG8038581181,1.0,411,-13.208840305117699,-17.007356153130722,-6.923835812355238,-3.2076207916257546,25.574386435732304,0.6244070321484401
412,ZG8510487,1.0,412,23.834820626155697,-11.492154608983954,-2.1383483568903108,6.308261666816483,22.04469573738142,12.2537381455111
413,ZG8525123,1.0,413,-29.130672649650016,0.9276972296549606,-2.3095248063047156,6.302929907526853,22.076793734933002,12.3730848084465
