,Strain,Mer,Index,genexp_1,genexp_2,gpa_1,gpa_2,snps_1,snps_2
1,CF609_Iso3,1.0,1,-87.74949239450693,-19.08265986800563,-4.474999026461971,3.9004568878569117,24.432217900298358,16.415766833766085
2,CH2500,0.0,2,-39.16836180950686,-18.623372251073217,2.207416177489503,-8.86637941169098,-31.649828482883066,-43.639970131623876
3,CH2502,1.0,3,15.269336936862219,-9.574049554506859,-4.860414452495158,0.9310938363778991,25.14604410969803,12.791012117061264
5,CH2527,0.0,5,60.748702803909346,-45.541448813087165,-5.987497360854957,0.6978042460411213,22.49276782080261,14.866295375440018
6,CH2543,1.0,6,9.224284000677597,-13.918564733582562,21.080798745974693,3.960047189291295,-65.37334474000434,29.340020608373763
7,CH2560,0.0,7,-0.21759534090105873,6.395518059755013,21.91767396138408,4.19990031684406,-65.50699655959447,29.531523717240518
9,CH2591,1.0,9,-1.713353860521953,-16.097500720422172,21.829790922940788,4.075769271316425,-64.85007871951144,28.299348984617566
10,CH2597,0.0,10,66.70236737655085,-40.438487430947696,-6.69491898236039,-4.281789410273316,27.35286745064825,-8.637453877106829
11,CH2598,1.0,11,32.16312101259645,-16.226690692116335,-5.02320719446131,-3.6588118337506605,26.05834651984942,0.37596347607287584
12,CH2608,1.0,12,21.25704945744594,-38.29871601724539,16.920778904730227,-1.5842456976003696,-58.567704478280675,8.172531919496642
13,CH2623,1.0,13,-9.34879595430738,-44.84420816732469,-3.8115437274605517,-1.0193828158359635,19.405545904565688,17.170436167815467
14,CH2639,1.0,14,-14.070162879722389,-3.2751015754076054,22.218195220512666,4.291626352270919,-66.1199514060546,30.849143712277964
15,CH2657,1.0,15,21.954972621189235,26.868913199975363,21.686756341901464,4.431925463014029,-65.98753577637578,30.49291967441299
16,CH2658,1.0,16,52.985111063685835,-26.157662231145167,-3.056723146884061,-0.23398669818426754,15.405182715814046,9.112178040460726
17,CH2660,1.0,17,23.06763975970569,-20.15132590170422,-5.874913940055567,-5.514027875456789,28.48620267388384,-10.066032774574893
18,CH2665,1.0,18,37.14070588324137,-30.595171784913948,3.412840813207024,-6.8993165956219045,-34.3108859775293,-26.416841744649133
19,CH2672,1.0,19,-9.934864380035998,27.025749934289866,5.491296772125045,-1.7320155287868397,-33.155912984457174,-21.371145360324935
20,CH2674,1.0,20,93.89684808405195,57.182916487193026,17.120074748187637,-0.9090284301761695,-59.79995060133556,15.146544480324891
21,CH2675,1.0,21,-19.096699294743647,10.707040832607357,20.479101214703377,4.034444058730003,-63.4251091245243,27.370122375152945
22,CH2677,1.0,22,-19.083400766917485,-13.676442685304702,-0.14237752347659982,-6.107778249568214,-22.42361700089149,-27.81155349134323
23,CH2678,0.0,23,32.799286025786394,10.774112673910448,-5.354069402881851,-4.105151409905225,24.265182062669705,-2.8621940003324653
24,CH2680,0.0,24,-25.391078555220695,-15.620679555560526,-4.94376641942433,-4.04755178754017,24.04960964091975,-10.314363581058018
25,CH2682,1.0,25,25.139268217545947,-17.658905036478746,-5.604390048942656,1.2672807107496915,24.415982764400628,17.633902297974785
26,CH2685,1.0,26,91.49362434714183,-68.94193286111212,0.39498322461102875,-6.301297907873042,-27.22959127033266,-30.141021302469788
27,CH2687,1.0,27,7.047585580863322,3.9861414368023484,3.630553759326919,-5.294865601368976,-30.675031186232527,-18.09868137804747
28,CH2690,0.0,28,151.5158089431443,-33.846627920957715,-3.9921466959511207,-0.25420531916778977,25.177475062725673,-5.543459468813502
29,CH2698,1.0,29,-29.593752310433445,-34.83130749860532,-3.4338266408307745,1.4917094953467789,20.933914800228383,8.56259139100883
30,CH2699,1.0,30,-12.35741500455882,-5.91005387875774,20.442946833069886,4.0186620673283695,-63.754278109447995,28.57152532298204
31,CH2705,1.0,31,31.05932629507687,-7.940374400143417,3.345735452123218,-6.628437904844006,-39.2361758742719,-12.842105320038016
32,CH2706,1.0,32,2.3197209004359873,-25.251261744391822,-3.3913284719837593,4.384834707026165,25.606252353565733,7.246045563869501
33,CH2707,1.0,33,138.30198093190737,-25.530917787360917,-5.35327446903302,-2.7900801374246047,28.199047864629105,-2.739893364949488
34,CH2713,1.0,34,108.5488055881995,2.117708904216115,1.9471278901924705,-9.77540866621192,-29.1988482623714,-50.63978636125359
36,CH2724,1.0,36,-12.381339204296536,-16.25003911707488,-6.737632264961517,-4.598108910779483,27.55869361320357,-1.288683030450322
38,CH2734,0.0,38,18.561945807102873,-28.644752494919626,0.6364584108684528,-4.891394583817994,-28.6816101046774,-25.7757576756698
39,CH2735,1.0,39,6.848578164273703,-33.86088503917067,-5.291376535262387,-1.9752953360652752,22.02049714282064,-7.147116343442946
40,CH2747,1.0,40,22.971509495494395,-33.063098076121825,-8.201525368374432,9.6292376014989,32.3100290921214,10.108750398798577
41,CH2748,1.0,41,4.50109072047596,28.70327391631858,16.746977443106577,-0.355895061882304,-58.26450706125243,20.648867926800847
42,CH2756,0.0,42,-42.86682816044752,-9.095663462619585,-6.646312598708464,-1.423702861043215,30.051256190302777,5.403491849492831
43,CH2764,0.0,43,-5.677335780722988,-17.352777477894627,-2.888750625755823,-3.501013250941215,13.200600397523996,-0.5895878232970233
44,CH2824,1.0,44,8.342340424561984,-0.3434158155661994,-0.11691317629223996,-6.3845704639384575,-24.50200380083818,-32.60853373697385
45,CH2829,0.0,45,49.55001115694622,-50.58899538983445,1.7521075883318726,-6.344770505996612,-29.526268456783278,-37.73453390314587
46,CH2848,0.0,46,5.762265087119455,-8.766056850750397,-5.30444805054602,-4.678503959421241,25.600383747422175,-0.5498083017934192
47,CH2860,1.0,47,48.917693032104104,-8.20363695915745,-6.44135207553893,-5.749711589341651,28.750524216634577,-11.755995203841238
48,CH2875,1.0,48,32.97065851288233,-24.783639658679252,-7.288120021219829,8.636851596640277,29.24771337240902,23.768357630287724
49,CH2922,0.0,49,-22.518696210896355,-38.223576947223776,-0.19600642578017924,-7.061532680289988,-23.029306855999298,-19.964146983614402
50,CH2939,0.0,50,19.294147034905993,2.5592954450078156,-5.617403489891714,-6.249325012963918,21.506605585614874,-5.319328096277225
51,CH3173,0.0,51,-50.74470890674121,18.915912871665377,21.44123029485352,4.335422342850082,-65.44905095191014,30.068118766228437
52,CH3177,1.0,52,-14.102569298705244,2.7402782126043785,-6.796059116524173,-5.404827911093486,28.124274804444394,-3.2363596701834254
53,CH3290,1.0,53,-23.17925835393904,-11.176073708177412,16.665164793418306,-3.8978272294017877,-62.945268529529315,24.258281842572842
54,CH3325,1.0,54,7.156091399318555,-1.8585568292209018,-4.621255983936436,0.9281114833533817,25.6446043726535,9.26575783452978
55,CH3462,1.0,55,-28.148114872322886,3.119940310489572,1.3944090953973194,-9.75142683897082,-30.342760954866225,-45.72990560000822
56,CH3466,1.0,56,16.156819729136657,-35.141145232519634,-6.021940654349225,-1.268814243791665,30.00578158142888,-0.11306393633243772
57,CH3484,1.0,57,-43.88580153798028,-1.762644955200053,-4.039892273628817,1.6462447078052538,29.554264754450106,10.504331753799413
59,CH3570,0.0,59,-50.77472577573051,-24.91897160756239,-6.351719763711914,-1.5890500131255365,31.644028447019533,-10.65331619440262
60,CH3613,1.0,60,0.599922330391096,-16.234441156891187,-2.8993344778047474,2.831525952497749,21.00254181804681,14.373282367794076
61,CH3648,0.0,61,1.838315933048777,0.13386647138920496,21.1416725943521,5.003998589259632,-62.92518297207798,27.36614844952925
62,CH3797,1.0,62,-103.78206140879979,22.156767642533907,2.3211325749185163,-4.532604203091638,-29.878007559319617,-27.621864064964317
64,CH3906,0.0,64,-86.36974896139976,-22.27747429650944,-4.263521018240102,1.4920381852915643,29.065615519510242,9.083238349441025
66,CH4083,1.0,66,-59.895638806425666,-11.030462759257757,-5.353186227391284,-3.0060144085334475,24.33269151019876,-10.123700613618169
67,CH4411,0.0,67,-69.43219122033942,16.54218241750565,-5.54349609315015,1.3393684492816558,25.01328383970856,15.34665418772164
68,CH4418,0.0,68,-36.481985888804424,19.297465739552706,11.188482974700793,-0.6913809970635665,-54.345030257994026,13.337917868289999
69,CH4433,0.0,69,-48.291988670521874,-1.9974045566999366,-0.5543658778112246,-4.154676457836624,-17.61461592605601,-16.89071202016568
71,CH4443,0.0,71,-95.10469141840812,16.76892499891633,-8.504430574858919,9.534738138778632,32.20899194918721,15.14040987403449
73,CH4489,1.0,73,-28.236195041223635,-23.50727347948382,1.1080375569217589,-9.00827702296136,-25.260107591559514,-38.18047726735034
74,CH4509,0.0,74,-81.28058471174982,-7.1276257989423595,-6.698034880036422,-1.3360881568535588,31.067029458386923,-4.653108979244465
75,CH4520,0.0,75,-73.94320147168811,-18.944089652071195,-5.877310895992823,5.741748875179859,26.5461589066017,-0.4614835185118338
77,CH4548,0.0,77,-43.98071920310497,-0.416920924148491,22.246451389621757,4.27005049234875,-65.13286877453834,28.69576066699544
79,CH4560,1.0,79,-1.8956860027569187,-2.6691387777737994,17.412403469187243,3.945075868430534,-56.09549253807431,11.472900000450743
80,CH4584,1.0,80,25.28389361378512,-15.545155895845019,-5.2383437378274165,-3.2890761914830042,24.40842199872772,-10.365609656702894
82,CH4602,0.0,82,-69.72107244604733,-30.847491875986904,20.23584132521595,4.052850917627163,-64.6419389190937,27.994720968748965
83,CH4634,1.0,83,-87.29769364470548,27.02679744472759,4.047540568741363,-0.41773109178355305,-30.076925942789163,-24.12430875661209
84,CH4681,0.0,84,-95.01978744813056,-18.294274356092558,-6.363162065485966,-3.083638474996505,29.556669618441273,-10.170915194212881
85,CH4684,0.0,85,-49.38201634265575,-6.348729605517292,-3.7705709835088483,-5.544999725017288,0.1827720674257911,-15.252278323669017
86,CH4703,1.0,86,20.087128788846673,-1.9701669500656418,-6.039674323244908,-1.9727312395708099,26.31521918030354,2.5901616552564164
87,CH4704,1.0,87,-30.337146580969637,-28.720295383538232,-6.0204416173772355,-3.7441193593236575,27.884009222221426,-6.5556988184566265
88,CH4733,0.0,88,-32.897805727615506,17.54328219031504,-5.275997543683095,-0.2857656186895916,22.349197277408816,14.090373389192067
89,CH4745,1.0,89,16.17368069666259,-30.59226698454989,22.09525512496095,4.546674834901509,-65.15778700177171,28.746680992244023
90,CH4755,1.0,90,44.13567143323705,-28.924779091007434,-3.954371691633253,3.7920312834456524,28.595372654773737,6.874669879444468
91,CH4757,1.0,91,-13.252481811072528,-18.847329673013476,1.4038728568250942,-7.381019318917868,-29.079681529925413,-45.877703479423175
92,CH4766,1.0,92,26.75043150206025,-1.432909065855699,-4.323961699046285,-3.455140660388727,18.931528874131086,-0.272558331544424
93,CH4780,1.0,93,13.73473493842335,-8.05247592844646,-4.643019148191929,-5.589515098006208,10.313608357133251,-14.32632337042218
94,CH4785,1.0,94,8.332420530585225,-24.79211717832087,-5.321778273733717,4.893905558626992,26.516552117023732,-1.3299943979137154
95,CH4840,1.0,95,-6.390699423320409,-42.72296345632747,-3.562724212945078,-0.43090371357845214,24.719575287516715,12.392061371103573
96,CH4860,1.0,96,3.71147060649878,-30.193686625014067,-4.031459969375974,2.763670538476367,29.076834289069172,8.164217783103588
97,CH4862,1.0,97,31.608985796879413,-4.92544981707554,0.94527174142083,-7.099066962414904,-26.34030851424585,-27.399678898741907
98,CH4877,1.0,98,33.67455294059659,-14.369839038623335,4.513259870656668,-3.2197697704169457,-38.96437285719624,-10.42834052209512
100,CH4891,0.0,100,-28.618478059545748,-9.720445464885646,-4.460677766623123,1.8971204711054028,28.991299970652097,10.092259311893756
101,CH4914,0.0,101,-124.04797110136154,-20.319805673089338,-3.014830325726857,1.6981238761887951,19.610458465552934,7.8833888579689955
102,CH4916,1.0,102,10.091690138066284,-28.752149844897353,20.86338811789782,4.539150367248714,-64.5739341351163,27.825783177936103
103,CH4990,1.0,103,-59.1041578648998,37.53478829547583,-7.8914842038792425,10.182983120334164,29.172108844983068,23.626600924019684
105,CH5022,1.0,105,-8.599840353534978,-14.439126802192519,19.73846822663015,4.814288003804755,-56.45770726974264,15.321031633629573
107,CH5066,0.0,107,-15.042661487349326,15.37428913023537,-6.255530510567409,-1.858488393978817,28.778704973492825,-5.840319169513236
108,CH5159,0.0,108,-28.785773804485043,43.514092872357196,21.42154618774312,4.203331317277771,-63.15855816849697,24.439752705399755
109,CH5174,1.0,109,-50.76955260254755,-0.38555305979394167,16.458932353682563,2.239018267947001,-57.11131784165946,10.160693541028003
110,CH5182,1.0,110,-8.047906130027783,-15.566971597740423,-5.007298758199943,-4.862821683167947,25.96604786844264,-7.435667309140932
111,CH5193,0.0,111,34.63757639415814,28.22791424880924,22.062042578071253,4.309247441879361,-65.97944883253867,30.436914507756725
112,CH5206,0.0,112,32.255764021664966,43.491436077498655,-3.172798502395461,-5.6512458505083,-1.1819851115425024,-12.474443644979551
113,CH5262,0.0,113,50.210852474993914,-47.44793969516789,-5.872047739466577,-4.185695874844769,27.27034791706929,-2.653712931899932
114,CH5267,1.0,114,-8.763646899579395,-34.268167080970265,5.654255689274477,-0.9754672009353591,-33.21885689167791,-24.37312999893211
115,CH5291,1.0,115,14.546010826763522,-31.10891765543591,-2.669642900825543,-3.2291953652172465,14.910774235714836,-6.145846056897092
116,CH5334,1.0,116,-33.42754786426033,-21.016335444910403,6.553119610102145,-2.931151007069194,-37.66378921872863,-16.583310192293908
117,CH5353,1.0,117,-35.36803130208549,-2.7055387475602224,-5.969162684128824,-4.052200490305301,22.3166393621765,0.3145281299483358
118,CH5356,0.0,118,5.212325955529447,16.869141410836097,-4.4895739545639195,2.003115691825272,25.135810776403535,7.998655612255369
120,CH5363,1.0,120,86.46534224050933,28.513447801140128,-4.985764884036821,-4.016913338100321,27.094978167687405,-1.1257595258725104
121,CH5387,1.0,121,12.12893161552674,-23.486601332265835,-3.1573959837396597,-5.776509018309548,4.6357100141914,-22.322731587712358
122,CH5432,1.0,122,61.731048873655475,26.955338201098087,-2.889544911938724,1.1157161616745448,16.863518526009965,-3.757485947893727
123,CH5462,1.0,123,-8.65364764690501,5.746129045137837,1.1910808931981904,-7.050035691108077,-29.668253825329295,-29.285436454420196
124,CH5464,1.0,124,-32.039704345622994,-19.436418098560207,22.162576638185968,4.496199931712988,-66.1701158561861,30.38515200238234
125,CH5478,1.0,125,18.01942604883651,-6.373005531837336,-4.097911714962519,-0.39583308925385197,24.156352238120274,-2.158529124908128
128,CH5548,1.0,128,30.97774924101244,15.471059309100825,-5.404626989900043,-4.082324879217989,18.445984204131303,5.344988971632802
129,CH5550,1.0,129,36.933760282933896,-21.668008016717405,-5.4504208757836,-2.054757441775939,24.408541828420685,-6.89064970408694
130,CH5551,1.0,130,19.146842048180762,-37.40592948342375,-3.9046991756701654,-1.0011169140287253,18.6575980189774,14.915268491713078
131,CH5591,1.0,131,45.19289467484597,34.89260543185841,2.755144156443817,-6.788578105596269,-34.21850103172395,-25.79665656506766
132,CH5596,1.0,132,-23.20714054434669,-26.45881981173379,2.6853723296800722,-6.233735716752561,-28.221186444006314,-30.27846084887662
133,CH5597,1.0,133,-0.0359365076915552,-34.418993786724315,-6.357695268952462,-2.870051667073734,27.817386091998802,-7.452173104276319
134,CH5621,0.0,134,-4.452890196823965,-31.212163347118157,-4.900170694428391,-2.95715054963322,24.29941066489059,-2.611209459416081
135,CH5638,1.0,135,-22.813092447652647,-29.72050309064408,-4.586545765652875,3.3292066329856898,23.357094345963485,10.457906040215434
136,CH5666,1.0,136,-20.621390522951486,4.645551743347179,22.184376563155098,4.261619501487308,-63.78965228961535,25.053710856693982
137,CH5688,1.0,137,61.26953251092678,-6.974638482916628,17.1188204441284,-0.7884058782903534,-59.459287749260824,19.402339510994324
138,CH5695,1.0,138,44.11396853819292,-24.434874766874465,21.787298553900968,4.483484795303825,-63.43686652505636,24.442143212823453
139,ESP002,0.0,139,-43.22024242486537,44.08665653674423,0.3633481086675472,-7.834738599067129,-24.791396338405743,-31.33739476589333
140,ESP003,0.0,140,69.98020102164985,39.79452537427332,-0.5575191107568969,-8.35509364821637,-19.34365749124779,-35.437291162023655
141,ESP004,0.0,141,-53.630344628467405,13.291485943006318,-0.6324153895439677,-8.281720024399505,-19.359274146235343,-35.470819623902045
142,ESP006,0.0,142,-19.08338460995034,8.744614497516292,-5.562583187846851,2.772457377909726,27.44576187974923,6.132635114986755
143,ESP009,0.0,143,-24.58609604045916,8.833021181230695,-6.031050857977661,-1.5828196107938943,29.025473383519962,-6.886877706949008
144,ESP011,0.0,144,47.924541866625695,72.05737092630314,-4.446719497778948,7.075314186080579,24.041774641757133,17.31110418398498
145,ESP012,0.0,145,-23.089682088815767,15.136255040613273,-3.995873593012726,-4.0829028896203905,13.362878086403345,-5.227710886658592
146,ESP013,0.0,146,-47.054958048517456,8.49518379230732,-5.0805061022236995,-2.62279683140504,15.754620520180428,-4.712141254239768
147,ESP015,0.0,147,-34.65694811011423,22.656793434432277,0.8625257014793961,-7.919431233478757,-26.28871957995775,-36.499332235404324
148,ESP020,0.0,148,20.328974686195075,12.093757090685676,5.037417535509446,-7.4404232644900095,-37.527646788184754,-21.455460115456248
149,ESP021,0.0,149,-23.35161557681903,-40.421114301648345,2.4565554659580795,-8.486788231224763,-28.285119209453104,-49.5647499725582
150,ESP022,0.0,150,22.360575319546307,60.20555936241925,-5.552868596481634,-1.3375286647078886,29.561169172187117,-3.034519865104734
151,ESP023,1.0,151,-16.858363503970065,-15.652429377995286,-4.190915098911227,-3.8983109999875882,18.288679567908755,-2.2432408021521653
152,ESP024,0.0,152,-19.221141049637374,-7.127690043705845,-5.453464092369323,0.14110314320573814,24.327719263368248,13.836469825681206
153,ESP025,1.0,153,11.870374950973716,-2.512940544327758,-5.95489228274781,-1.8569643776846725,28.909251724745605,-6.5269425339019165
154,ESP027,0.0,154,-6.3296775599441775,-26.362407551693295,-5.492444671301062,-1.8477930681241554,24.38877878721023,-8.191677504537047
155,ESP028,0.0,155,3.46989350678861,-37.01652566984673,2.4513726169390657,-6.417453044234099,-28.96233926050662,-29.991206569735045
156,ESP029,0.0,156,-11.402659671900372,50.81182374579455,-6.242430573824196,-3.2911356671190317,28.329657228531804,-9.055432804760713
157,ESP031,0.0,157,7.136231688645002,23.092321174660363,0.6907089137015361,-0.14757173154176506,-5.703178751100033,-4.8418685980544325
158,ESP032,0.0,158,-34.41628124592785,29.53018790186465,-2.4129769739373557,-3.886959279598372,10.237061053003881,-13.281297385726518
159,ESP033,0.0,159,-14.191869643892172,8.281022193271406,1.3885375251552063,-8.004292085861703,-26.334730696127963,-36.50400322477867
160,ESP034,0.0,160,-5.916290991249112,-8.595421300328308,-2.7927955737542702,-5.24006836123163,-2.0013201087868744,-13.521289143027609
161,ESP035,0.0,161,-9.201266536301702,-9.356801804419874,-6.009907470447695,-5.294125099231244,22.169651861313344,-5.421377225666625
162,ESP036,0.0,162,-4.813556542424731,-10.2763724223642,-5.194214011791978,-3.0230857361730052,27.554554688468837,-9.437935238076236
163,ESP037,0.0,163,-26.25135899800476,-3.4377484974396015,1.6520488510227733,-5.879558840645775,-28.734993598543632,-31.777038717013387
164,ESP038,0.0,164,119.46925110293616,19.183054162940167,-5.441410894936108,-3.6973747290512664,22.497778224748988,1.866691827731998
165,ESP039,0.0,165,112.51373636562799,62.37262438275314,-3.3646776455154837,-4.467903817830121,2.2040669056241597,-9.57760696103712
166,ESP040,0.0,166,99.59836880462332,49.91478131822756,-3.358484690750613,-4.407274847180163,2.170204639403533,-9.706588274323273
167,ESP043,0.0,167,79.82325482309177,70.47474490771744,-4.336324743233893,18.82944876012727,27.026018067531243,13.365217437262125
169,ESP046,0.0,169,-4.604912309041448,-9.921242339377542,-1.0017558680527519,-7.498645151291611,-22.27070926554255,-34.45534438065535
171,ESP050,0.0,171,9.947515432425652,-29.063935989515638,0.8790716562990322,-7.537460127561701,-26.739318651565377,-35.932541282837235
172,ESP053,1.0,172,-27.7373866243693,39.093481775126996,15.751216009718393,-3.3348682029255245,-57.63526139379183,8.478146649400898
173,ESP055,1.0,173,-2.1932452080506843,-25.98704275913486,-4.2118182187731295,1.2913163350371395,26.310192681232213,6.079616791056452
175,ESP058,0.0,175,1.9168511025860646,-23.349543912704842,-6.690817295962219,-3.0295346159352263,30.767902268513776,-8.115712562484163
176,ESP059,1.0,176,-9.231228490500616,-32.204697170746314,-6.881078705496421,-2.2133371929718004,28.581765146302413,-5.380620666486244
177,ESP060,1.0,177,-28.22250683824328,-9.723374734123661,-5.23450442963413,5.313557718310367,23.126382890174956,18.19568553527401
178,ESP061,1.0,178,38.67439910811382,59.41108004603923,-4.375530329033532,21.396722383584148,26.096458299490163,12.305067942056887
179,ESP063,1.0,179,4.97771304189251,-11.35314426664689,-4.83197016231297,22.10757020310744,26.574977693790533,12.659138611492011
180,ESP064,1.0,180,-9.208353920692538,-34.79681191743078,-4.406865981578594,6.234211391857844,19.52010216388121,27.89935796356167
182,ESP067,1.0,182,-116.62482066934436,1.4815674443348665,-6.574670602650311,-2.237648977604941,26.193360198176084,-5.544093514358046
183,ESP068,1.0,183,-129.16011754693957,50.57373371938071,17.535466242180743,0.08535881907890897,-59.68420376014322,19.667979093041183
184,ESP069,1.0,184,-109.86040860102669,37.25544028751716,-4.581019664252755,6.536428718704284,19.761508174497333,27.147301295706214
185,ESP070,1.0,185,-78.22768664100873,2.3015582195931876,5.9784934296629135,-0.4072864697593275,-32.63409156533675,-25.7604528980324
187,ESP072,1.0,187,-92.54104033313945,14.151434932738427,-5.742255555253093,-5.71697330058721,24.193058604146653,-8.029280532368901
188,ESP073,1.0,188,-93.96338608535784,-4.003647942946887,-5.745304836028338,-5.618937426427481,25.20965018643545,-9.977587415856028
189,ESP074,1.0,189,-99.67034803889594,2.788643100706983,-4.549776748960367,21.57902533948448,26.54344337155627,11.730421051764829
192,ESP077,1.0,192,2.790114278765545,-6.082528504754368,-2.7047418742077713,-5.951462684738809,-16.631651671999073,-24.06205773766542
193,ESP078,1.0,193,-16.76184080097645,27.29990811826263,-4.499318770399203,6.301152994442926,19.46335901454213,24.973617525146963
194,ESP079,1.0,194,-47.28550499077801,22.575143410186666,-4.632458371063506,21.94132647160582,26.65798653570911,13.149241316532475
195,ESP081,1.0,195,-71.87947741256919,19.125456279784167,-4.878995542293609,-0.21257781051274982,25.707569745508888,2.1719239577260083
196,ESP082,1.0,196,-70.14345981656531,28.861772411519517,-4.634760844601338,22.1284016231688,26.737716266482725,12.021642680474336
197,ESP083,1.0,197,-47.604458192587295,22.848979095882854,-4.701938291690496,21.881068617138084,26.894940216680876,13.030903169479174
198,ESP084,1.0,198,-66.60701963091509,27.883558712741134,-4.55167815656608,6.4019639985991414,19.14402032954106,28.163748812733942
199,ESP088,1.0,199,-53.17942270843148,19.43640911146876,-4.825192861026969,21.680105276936988,26.46684269573033,11.568582522195591
200,ESP091,1.0,200,-30.19751468811383,21.344478143729887,17.413805532772265,-0.37950513334072333,-59.063566726811516,18.077126576926375
202,F1688,1.0,202,14.709976830393327,-11.382808652893482,-6.2214065989641725,-5.23511555207789,27.60773014514042,-10.89944490937338
203,F1689,1.0,203,-5.869121249924088,-36.31943298449479,-6.23784523997535,-5.394816986490045,27.439194327200813,-10.699710336642333
204,F1697,1.0,204,-2.296300017407867,27.435458195399278,20.672358692135507,2.9661647535341302,-62.92015382045537,25.099833356941033
205,F1706,1.0,205,-23.847776290495638,-18.096885420173418,-7.866936938982363,-2.9219755735493917,32.79891486606519,-10.18979850431137
206,F1712,1.0,206,-28.055731954876478,-4.138713895784248,-4.499233650201587,20.582031687172172,27.035145366192634,13.379267703123858
207,F1724,1.0,207,-23.27698740808709,13.986297355940847,21.000363322806756,3.084754688372959,-64.17076671411861,26.954043882796427
208,F1727,1.0,208,44.36649853411961,5.7427336057548395,-5.63032287139185,-3.2993664925536423,27.703860730665735,-8.222880140369377
209,F1741,1.0,209,-28.7760977673894,24.856091596328522,20.56044126373461,3.101670334625787,-64.57990210189085,28.032237923712813
210,F1745,1.0,210,-38.657629570725064,7.51170666344014,-3.730004767456836,19.41079330704189,26.966390103100668,11.00226185931713
211,F1746,1.0,211,-57.738873963624584,44.54569664317686,20.71940249319625,2.887977410700456,-63.98453716995394,27.147723397513047
212,F1747,1.0,212,62.42776262164063,28.866251888232807,21.17946958350529,3.101657358413833,-64.14250689114233,26.86963687081672
213,F1748,1.0,213,42.15702739963898,9.367095833795588,-7.969546278107419,-2.8934901462978466,32.78764312249845,-9.926684888183217
214,F1752,1.0,214,35.33895750074449,0.6213018582028911,-3.9091145443642032,-1.7251063102606947,14.185611283438487,21.96700202506858
215,F1754,1.0,215,10.952639846840018,39.046808148269285,4.675746703003114,-7.143149567997688,-38.41472175282759,-17.015564767934826
216,F1757,1.0,216,-68.72061031106564,22.561423628767958,-4.036574661221442,-1.7926235858911737,19.405184851167125,15.543080912448929
217,F1758,0.0,217,99.04605880517022,41.65250873350082,-6.1212605071642265,0.9056800779677339,25.437534677289175,8.071925879077227
218,F1759,1.0,218,-31.769224644481323,-37.59452525210677,-5.2298331536325176,-4.99308248352291,24.181478222516407,-11.486831329796985
219,F1760,1.0,219,24.24674358314146,18.361139120115876,-4.011515482293499,-1.6626401375288546,14.419847904771498,21.76288169619221
220,F1763,0.0,220,33.648380069092866,-1.8206988687817571,-3.3146270899096915,-2.8955851635967047,17.19350667216084,14.591362100581463
221,F1764,1.0,221,0.8253151000405825,-3.927207776549817,-4.495865785163284,-3.9224603940899216,21.933610573523882,-1.031198362484453
222,F1775,1.0,222,-16.540826469174768,-14.905727233172572,-5.592304922165138,-3.2533059217053477,26.815766764796823,-1.8885822915930817
223,F1787,1.0,223,16.728731978885154,-6.742203217943342,-7.0465188466502475,-3.34665519255683,30.685829155819707,-11.069669205357968
224,F1789,1.0,224,-11.9375965331947,33.15518345560396,-3.856008608493651,-1.812513019109728,14.868294937108868,16.8635427941727
225,F1795,1.0,225,-22.17979342622755,23.996490970640433,20.787165117869225,2.7953098321213634,-60.429939654782586,19.829554951873902
226,F1796,1.0,226,-27.582647005789653,-0.0006953508275224206,-4.139205108489437,20.564715245899272,27.18053710226666,12.40058429961936
227,F1798,1.0,227,-39.220585585433184,5.481584253530737,-4.260333453048322,20.516362422205717,27.120022288505613,12.347231218866568
229,F1801,1.0,229,-64.51633199354475,17.601346469899518,3.3757068182785317,-1.688435857326537,-30.911692910821262,-22.841991020549727
230,F1810,1.0,230,5.515766209598757,32.03475031676908,21.169151983043406,2.9049256366475884,-64.21820308247047,27.15593455941689
232,F1821,1.0,232,-51.17025833702879,26.013110318162504,-4.031777385471272,-1.7206949660280362,13.976152008170583,21.348482846588027
233,F1823,1.0,233,-0.029370185404133428,27.900364681113995,-9.079420494629263,6.155214278423049,30.180867445976343,19.34034867922601
234,F1853,1.0,234,10.081792770353315,13.951421551870798,16.102997639337847,-1.9720170899643534,-62.079825522791324,23.01812721713499
236,F1864,1.0,236,-64.33101944430216,-17.0291192797811,20.95750552994994,3.0706420231669593,-64.30587983142848,27.114419370190333
237,F1869,1.0,237,85.5044777276245,-14.482600456186605,18.762846963465915,1.2154074876215617,-63.45331297065087,26.81438882606662
238,F1880,1.0,238,48.634938046478425,-24.203667107465584,-6.199299274911647,5.8494005617556954,29.96902491737284,9.999059565828254
239,F1883,1.0,239,31.13528562991957,-30.467554922285778,-6.072495411136986,5.767596251463367,29.46505329097572,8.884073149302864
240,F1894,1.0,240,-3.786782214135391,-31.072230792703866,-5.888456297136789,-1.7194607645622657,23.36127822492408,7.379460880369784
241,F1957,1.0,241,71.00444728313124,20.390234530550185,3.4129476834413066,-1.731650275047973,-31.052914171122456,-24.57909731527423
243,F1979,1.0,243,0.136817620506112,11.406134595691091,19.4495559430367,1.9043858506360074,-63.187607238590914,26.038642268579892
244,F1983,1.0,244,37.05179386210904,-1.160086387302378,19.31302482576182,1.7421080779663978,-63.27742265131114,26.32073866856331
245,F1997,1.0,245,-2.6480141205824324,-1.5926875879937485,-6.654183161069275,-2.535024601790977,24.38247866026126,4.305458391804152
246,F2000,1.0,246,-32.94835600154137,30.375132390259218,20.51160714266778,2.977914323383054,-64.1423226681529,26.861151171111757
247,F2003,1.0,247,46.30540957274094,-15.593131818250109,0.8118530814701708,-10.695131085826796,-28.226358812572702,-50.48462368346381
248,F2005,1.0,248,25.49777028730596,3.068989564801608,-6.597361831884083,-2.7428690757027017,25.12512938708773,-1.946506338879253
250,F2010,1.0,250,36.57956910512418,9.017375021486366,-7.160048946689116,-2.3965907011171224,27.49131557716905,3.707740124836249
251,F2017,1.0,251,35.427108251130214,-33.988115467824215,-8.575866569338146,11.383876452470716,28.929833456427172,23.30963871411504
252,F2020,1.0,252,-9.856889563233285,-10.691512031110197,0.7031093743561327,-10.59803427523952,-28.157635889926606,-50.70752566622988
253,F2029,1.0,253,-8.149050149956103,7.529537452027105,-5.488647981473724,-0.34228203827938586,28.0090299552723,-1.0722292656601269
256,F2035,1.0,256,84.19521110340676,4.480011348752538,-8.57963873850504,11.35905238746954,29.09188766830118,24.376956113598155
257,F2040,1.0,257,11.10349738142032,5.175138218916479,21.02096771289882,3.016448031300987,-64.4068151045351,27.673298518129556
258,F2044,1.0,258,31.443348055101804,-28.396368994603115,2.045709734299838,-4.264768855299164,-28.697157272580068,-19.84236184002875
259,F2045,1.0,259,67.1929504164481,58.94167781858969,4.714859227754488,-6.8661158775973234,-38.36437918088946,-19.851519321657065
260,F2054,1.0,260,-24.30784793122009,10.427133672589822,-3.903080095221008,-1.897943234468876,14.664456577796432,21.037439559993402
261,F2055,1.0,261,-9.061706549934224,9.628491026154888,-4.490835432481571,20.277854538955044,26.973720412675785,12.570673816526991
262,F2056,1.0,262,-3.595182182648337,10.707787009710067,21.25732311248811,2.922227208488046,-64.09563097935465,26.359775037327324
263,F2059,1.0,263,-30.25773202892508,11.62320160869027,-4.341350895415594,20.18741262627937,27.237202917559248,12.508536402513478
264,F2064,1.0,264,-37.417667424228014,27.733119324314742,20.796066642718326,3.168247692308599,-63.49648701402397,25.834436537851232
265,F2065,1.0,265,36.85307969774816,25.7456322325334,-7.611164377667389,-2.8953194252070267,31.91047831011863,-10.36991927190973
266,F2073,1.0,266,-2.96565148588301,-1.3984138151499443,3.7611369884254535,-5.633568037062113,-34.375559612468756,-24.32391299895706
268,F2081,1.0,268,-9.731165384027513,-17.939928149637172,-8.129494599393901,-1.9373158138955056,32.79681383696773,-10.963760662591326
270,F2093,1.0,270,-36.7038111678476,42.52127305730941,-7.722983411507508,-2.8023307423732815,31.574713456558168,-10.365509125732586
271,F2097,1.0,271,-18.393407273020966,-22.294415447095982,20.888426332257893,3.1624077025247317,-64.28594587868903,28.110812108492112
272,F2098,0.0,272,-30.314192570555168,17.085058666038744,-2.9243220886618455,0.7245257467643906,18.199015451498607,10.055935801456172
273,F2119,1.0,273,0.9894933599075026,-23.991286111467467,-8.207259815749596,10.671469637324961,24.78514880806085,22.049381937591264
274,F2128,1.0,274,11.35491333085254,1.5812591171449406,-8.080797005600685,-1.8246078288054228,32.46481949915152,-11.109422921141316
275,F2137,1.0,275,96.68461204394367,54.03270118032031,-8.526162772102813,11.319942931865189,28.609483920360393,23.121159886434697
276,F2148,1.0,276,-20.90552333067663,13.697843277309335,-8.533245523548903,11.371252779956851,29.001767309409846,24.18461405330403
277,F2165,1.0,277,106.8993564530209,59.75771253801088,-8.522478620966087,11.331464628911288,28.855146829446095,23.627183166014163
278,F2166,1.0,278,-4.640213019686929,-7.236206947933727,-8.484710077952121,11.312822337968388,28.921125996104703,24.568860738846496
279,F2167,1.0,279,14.281193330402607,21.84851419526535,20.509376763791472,2.9957866182090687,-64.18839277666952,27.39042306209305
280,F2172,1.0,280,-39.483742711481504,-6.260693322475419,-6.562968617661014,-1.9835850367120988,25.250365870074358,-5.826945677252503
282,F2199,1.0,282,-16.272104212092422,34.52709838018973,-4.168331480591245,20.214835758954855,27.188010096303298,10.955156010667089
284,F2208,1.0,284,-32.48012229478101,40.5128231972304,18.850711513933817,2.735217634390853,-62.97703716785769,26.12087689367449
285,F2230,1.0,285,98.79218434265835,60.40652797460978,-7.346108313678528,-2.6524862486968646,27.845465798137095,2.3751809188296846
286,F2234,1.0,286,48.87723527037301,22.323199960586585,-8.426244302042694,11.394697815554544,28.75118895316258,23.712134741761858
287,F2235,1.0,287,-15.876728067969337,-2.713891622762966,-3.746395104000335,17.83270296113034,26.397164465919534,10.596112675481749
289,F2240,1.0,289,49.62792352412734,18.510540363048193,-4.18281737876374,20.069530710744267,27.152646067573468,11.07381592100559
290,M70563004,1.0,290,33.45678328771651,41.01477621773193,-4.579272668166849,2.4020503726166744,22.323270025153942,9.201459354945968
291,M70564993,1.0,291,-15.495750424505866,4.481793659905166,1.2517924761801522,-8.334007318880696,-29.327563817685274,-25.09930880272172
292,M70565254,1.0,292,-64.87308311921106,22.69863661643059,-7.609240025137547,-1.9123701927528405,28.46965278565001,1.7283507421629452
293,M70565897,1.0,293,2.924111288873199,-5.383357147337401,-4.457316730871561,0.06413328836016952,28.321112723228307,2.5383229686721407
294,M70604538,1.0,294,18.839352627434987,59.42244603774114,-8.193677927424462,9.5943869379031,31.66515194300607,17.90326861163993
295,M70608424,1.0,295,-88.77281751348286,68.49339294290237,-8.17541795161479,9.69077938040413,31.552975679611837,18.04208054552261
296,M70635118,1.0,296,-25.00961192725577,19.498460050429202,14.771582429256602,-3.4981308185478897,-60.82550720823226,20.89773645234827
297,M70638412,1.0,297,-4.79679169308711,29.222121462035485,16.534378876590367,-2.7421475654358076,-61.140439495329545,20.21681415579384
298,M70639645,1.0,298,78.85313432462281,-46.047897791291604,-5.5602239004297935,-5.1071228706988565,23.11576553202102,-2.082961345843948
299,M70640096,1.0,299,20.03047758605447,7.7722638928272865,-5.4703744577216575,1.9033277734829017,22.73964328540905,17.296906798117277
301,M70646050,0.0,301,129.020817573183,36.863438237533096,-6.611610657876026,-2.6324901063441217,25.380413243732253,2.3760246640687157
302,M70646077,0.0,302,63.235205830421236,8.36089932585468,-4.369689145297989,2.23884676681746,23.4700654324965,4.845954405735
303,M70647319,0.0,303,53.931328680353516,17.934731511102623,-6.279663901477093,-3.131045697503075,28.244327378168723,-3.1694662952579478
304,M70649365,1.0,304,4.165932232572215,-10.256409903003025,-7.245314433664408,9.037101531802612,28.668813176362473,21.567458209502064
307,M70663247,1.0,307,-22.07408348344978,19.588100007856497,4.338138761918852,-3.513966825183646,-31.205607261134638,-22.959707176022743
309,MHH0426,0.0,309,-67.2203066050819,2.520335463692652,-3.3044930296110575,3.216040832739635,18.973656539295018,19.867208563324226
310,MHH0927,0.0,310,-58.76562989402357,24.8216670979776,-5.751190311771996,-3.9146546966966262,26.64529142878523,-5.937753913375907
311,MHH0985,1.0,311,-74.61823795654063,24.66780846151713,-5.046566896782336,-0.023558649410244215,25.688849215917397,9.278063572848687
313,MHH14929,1.0,313,31.69360864928795,-9.858372438787109,-6.077969255318241,-0.593658499968285,24.192076179495988,9.216584761039641
314,MHH14990,0.0,314,-16.287519344292093,20.355846684584066,-6.375612229566013,-4.837568491513115,27.800033340199843,-10.454467001510977
315,MHH15015,0.0,315,-51.48881460334734,55.88454025188003,-5.875603410053094,4.308361824193513,24.741503139398883,8.88399295352992
317,MHH15103,1.0,317,18.192077829102534,-28.142133146440234,4.161531599670424,-3.7936888228828574,-36.909162856668786,-17.218937945778094
318,MHH15151,1.0,318,10.88222006567936,-38.1169547215897,-6.085730537668896,-5.823421558469039,27.810509033684955,-10.031937022152235
319,MHH15187,0.0,319,-14.439762805233888,-36.83830807520163,-5.8106443997593455,1.5165268899412645,25.207026330889438,19.067042795088682
320,MHH15204,1.0,320,17.80818440479032,12.127440682465352,2.2270766162050077,-9.16459840802813,-29.246681523027984,-49.73727419983801
322,MHH15275,0.0,322,-1.383091602562983,-29.01938373021178,-4.697233710327941,18.705330845892085,26.93868367886343,10.949998967094672
324,MHH15817,0.0,324,11.811218358515374,-15.105756239163485,-5.211092875744627,2.763028526919813,20.03587765740748,19.530394540494555
325,MHH16050,1.0,325,25.875137945840265,-20.59168324107092,-5.127237504126114,-4.348566687965812,24.43749694472815,-3.079017644140734
326,MHH16208,1.0,326,-6.572057966145944,-11.41226906293908,-4.2068870952717425,-0.31869807163758956,24.302002501530932,-1.8566547929692518
327,MHH16371,0.0,327,45.04458567525609,-17.454008556001575,-6.0207130156561135,-4.297534079192158,26.510518548121272,-7.540191369767065
328,MHH16379,1.0,328,11.55436112631396,-18.66355544342763,-5.926263502033002,-2.7029036090733696,28.253186818690825,-4.6609411706624115
329,MHH16427,1.0,329,-26.57876103502693,-12.235163931905992,-4.197382454307132,-0.24882335771223119,24.252608658513093,-1.886591978061368
330,MHH16459,1.0,330,34.443226885514974,-5.5786847146167435,-7.602258276681029,-1.2292874947630326,30.742003356329324,-5.2336469168354185
331,MHH16513,1.0,331,35.798136950977664,-9.158849725299488,-5.940407809512955,-2.6474848620848164,29.48695593983562,-3.0218974874182223
332,MHH16530,1.0,332,42.83412777784953,-7.859419368691335,4.229616564788717,-0.8371095106544608,-30.70022700310874,-24.64782798484441
334,MHH16610,1.0,334,-12.719388407312032,-26.909632672907723,-5.944697196457518,-2.4998823754895447,29.50269826742957,-3.0325498620369373
336,MHH16798,1.0,336,20.916732061159774,-8.712228390226421,-5.966227472264352,-2.5691405413872053,27.93693116521779,-4.63187578067356
337,MHH16951,1.0,337,56.23739798872623,37.290154294418166,1.3422892114436538,-8.55368193288934,-27.122659972544483,-28.640993008202454
338,MHH17233,1.0,338,3.047418276787417,21.34585565839096,16.088651012207066,-4.350788873770567,-57.11330909307459,8.75760206428128
339,MHH17247,1.0,339,15.844076977261658,3.0092157867134435,-4.694561874363203,1.1664643689656806,20.693088739161947,5.922545381208899
340,MHH17441,1.0,340,-8.517661411126866,0.2916015160809519,16.477401468931006,-1.0537942373037126,-57.06284239273181,8.656538876548836
341,MHH17501,1.0,341,3.483819228260208,11.944957959637163,-5.967758504297822,-4.253407969007116,25.134860251359353,-8.584920044091547
342,MHH17546,1.0,342,38.9029313276623,-25.61228325330959,-5.526353008236351,-1.8233092294601443,24.900697753042426,0.07835034005183417
343,MHH17767,1.0,343,-0.6435853699294638,9.25801489130049,-5.570484265285343,-4.078561008167549,26.433074682127536,-10.471792973362398
344,MHH17783,1.0,344,11.50380665179055,12.39796550856966,-5.813253392193307,-3.206210839109585,24.864758594407068,1.0100511897617395
345,MHH1883,0.0,345,-29.636600855380287,30.243544268824536,2.155849862789052,-9.137396214905708,-29.497032105851584,-49.8948041952635
346,MHH2419,0.0,346,33.75030465069523,26.860373373600368,-3.975466501754132,0.2578793657797984,23.59264865483806,1.683157507498322
347,MS1,0.0,347,-77.31710315844387,-8.121158421242525,-8.507098446336602,7.236830230713313,32.44131028745453,11.529435531261917
348,MS2,0.0,348,-8.674342263511814,65.36722491970642,-6.672691523960294,-3.78591948060887,25.71668864832426,-1.7212694940443356
349,MS5,0.0,349,-112.45865406228987,29.978078745274487,-6.613142303454234,-4.154517072066701,26.20120790563981,-2.22266986724636
351,PSAE1438,1.0,351,33.855641878879936,-39.733512881726355,-6.119007680784243,-1.576492453020089,23.020478758847556,-7.821171683099479
352,PSAE1439,1.0,352,-15.285508452140288,-26.897879318951617,-6.230388126605474,-1.5026221078285724,23.47964720943349,-7.433774163468335
355,PSAE1641,1.0,355,2.5025049597490097,-19.716827984581382,1.1194359163485084,-4.779397929686694,-26.510630099153822,-31.986947136283256
356,PSAE1642,0.0,356,25.92314314793807,-5.840835200646571,0.22483322631904246,-3.3781020041817733,-24.60373204295141,-23.875292617682803
357,PSAE1645,1.0,357,-24.63300738549179,-26.4713188318355,1.11150842691094,-4.808027106192914,-26.484408032466625,-32.00726015391669
359,PSAE1649,0.0,359,-15.471590849068258,-2.750980072977068,0.15465578744225938,-3.3965592031557925,-24.147415561692824,-23.477886965040803
362,PSAE1656,0.0,362,11.635910450434581,-21.33353453886826,0.08893160038987391,-3.470710944111116,-24.42964384224799,-23.880397147277474
363,PSAE1742,1.0,363,53.14476290319112,-40.620494619688586,-6.039977262921933,1.910578951112445,25.463792805791986,6.647417672998756
365,PSAE1837,0.0,365,-31.82098285157225,-5.678697486110354,0.16007606809045827,-3.5729524112939073,-24.436298250515193,-24.202621680716575
366,PSAE1872,1.0,366,-29.11372264126712,-0.1926615815188009,-5.334075782917349,0.8009498539409421,28.056417978092373,0.9448654869041135
367,PSAE1903,0.0,367,-43.234027620148694,-26.80490118635545,-3.663443450070217,2.185170891872966,27.776247463542372,6.418733100005461
368,PSAE1912,1.0,368,-14.72081560145548,-9.131802535715245,-4.946513110110237,-1.1440148828887153,26.227509969610285,-3.1350066039015374
369,PSAE1934,1.0,369,-16.017927936902172,-17.56093596279194,-6.011711228958562,2.2180409216809522,24.515788190590758,12.12100121850115
371,PSAE1975,1.0,371,1.11494375818429,-8.775147896211335,-7.908453273347112,9.149014541817763,32.48763313881241,6.7734696634915466
373,PSAE2125,1.0,373,-11.880482892875543,-4.687586300228067,-7.96762262936058,9.272027904877081,32.43964481900461,6.314733999265563
374,PSAE2126,1.0,374,59.65744380924458,-17.70472470350826,-4.078088599392933,-5.067654615083065,15.104236926192488,-3.718546124395509
375,PSAE2127,1.0,375,32.58583542925642,45.31052199188098,16.26564577989602,-1.0320465883504228,-53.90010214767074,4.279110377545692
376,PSAE2139,1.0,376,59.295564678758765,20.206568127049607,14.134582606432597,0.904191209306834,-56.16456030003894,14.127325908774807
377,PSAE2325,1.0,377,39.38946206672607,-32.202117911746186,-4.0673566914726305,-5.038723717802063,14.935306804617607,-3.149442975258175
378,Vb20477,1.0,378,-39.31259104484554,-8.646433850785323,16.697355924306738,-1.290858401122028,-61.41092107339779,21.225812186063436
379,Vb3320,1.0,379,36.123224039934314,7.470202754058969,0.17479893435949823,-9.197473996524108,-26.481278076550534,-28.570233351791956
380,ZG02420619,1.0,380,-9.731609415427142,-18.12412597202954,-6.0334954713453275,-1.0024809233362753,29.386572324617607,-9.759805781415068
381,ZG02488718,1.0,381,-15.517292850837357,-21.054795545780735,1.5334514974873765,-9.319068265463239,-29.45820420530302,-50.42617310132417
382,ZG02512057,1.0,382,12.085937495724172,-17.923537991423522,1.1624246265092153,-10.781010885486593,-29.493906968295736,-50.48062626149461
383,ZG205565,0.0,383,11.368572367655739,-35.90153025154484,-7.549620083948211,-2.6912950600208605,28.252190194875386,-6.44211434228275
384,ZG205694,0.0,384,11.17832462151996,-33.110868533829915,-5.593849370371963,1.479443836561428,27.949291089930494,0.9960037187351105
385,ZG205710,0.0,385,94.07849188121006,54.761265675111545,-7.3971718937693876,-3.5536068302539636,27.62015081152062,-11.697472860015942
387,ZG301975,1.0,387,16.65055250549192,2.8750412098014886,1.0459568055238027,-0.11415768881659538,-22.0257545890116,-25.092234155742435
388,ZG302359,0.0,388,-17.273040805813253,-10.409565426209817,-6.183812588624708,-0.5087442629261396,28.093575990671926,0.48036637758966094
389,ZG302367,0.0,389,-1.7910976204580893,-19.39175837461191,-6.3785467623676375,-4.303145988961421,26.39879480623242,-2.923121849564602
390,ZG302368,0.0,390,46.64921421736509,1.1679634325673118,-5.0715678745550985,0.7821283145486664,24.136411570995758,7.122034770184548
391,ZG302370,0.0,391,17.854068272454853,15.302598159046338,-5.583695393919408,1.64595846083267,28.160351111961266,0.4346625992985196
392,ZG302383,0.0,392,1.5044315820539675,-5.361947264661412,1.3151493955753422,-7.656349130084543,-30.752139876992434,-24.996589684115712
393,ZG302431,0.0,393,-48.33182085305997,-3.3819668348913723,-8.19491726634715,4.905000252450877,30.08177306107653,14.836404348110946
394,ZG302432,0.0,394,20.879082342677577,-45.96494203666979,-5.173192886886669,-2.1020184135275244,22.470105847473636,0.6616354359499752
395,ZG302442,0.0,395,-56.483294310710505,19.40078702928301,3.100549064313277,-9.736593057560713,-31.627060259387797,-43.0679779651601
396,ZG302451,0.0,396,131.25536955293626,15.637217905436865,-6.099429617295444,-3.0634423477573627,24.4255174567427,0.6644999051552887
397,ZG314696,0.0,397,-18.121081773628873,-23.154417926826127,-7.2064787536798995,-2.516547558660891,28.03911872355277,3.007770947938859
398,ZG314738,0.0,398,11.850726260190466,-26.475208269422346,1.3154773489373914,-9.86884285132826,-28.216522741529417,-50.52734477873374
400,ZG316694,0.0,400,42.176693799853545,-36.72370676720706,-6.065859748379157,-2.8118452219500742,26.12301826251407,-6.62942193517042
401,ZG316704,0.0,401,50.399472094706766,-2.638781409540477,4.273985887011754,-0.16922937368244995,-29.930633204487684,-27.628557251154522
402,ZG316716,0.0,402,36.20705051515718,9.750331676946072,-5.8086668420426975,-2.529051832085228,23.51357910574239,4.889116306064977
403,ZG316722,0.0,403,99.49281743656428,54.90793554725433,1.4081268878314495,-7.385558680051909,-28.496594428194992,-28.8893509263677
404,ZG322541,1.0,404,13.610909423658114,-11.519793604301132,-3.3382967986949406,2.3181888526637113,21.307595835555173,9.868378677002923
405,ZG5003493,1.0,405,7.351980927269995,-29.20482350574249,-5.260023212026787,1.0954876789290982,26.53038673097394,7.455286424353297
406,ZG5021922,1.0,406,-12.054395303922028,-8.506875909482588,4.677090258303627,-4.261468319757257,-38.25298143825433,-14.05645173003608
407,ZG5048010,1.0,407,28.116858226310644,13.592922135138243,6.170213436884039,-4.24803973633752,-39.8966604652377,-9.57446777040304
408,ZG5051896,1.0,408,0.30889964253893715,-14.388058883540614,-3.5246363990448524,0.22034771158236666,14.213102302934562,21.795767105472393
409,ZG5089456,1.0,409,-13.287700624641678,-5.581376630679279,-3.077085313842171,3.7056218117335984,21.945687781038327,14.857557835198364
410,ZG8006959,1.0,410,-19.835022989233757,-9.295387556774847,6.22354511810437,-4.1940668546575335,-39.740269369438465,-9.861431622307698
411,ZG8038581181,1.0,411,-12.338569535743288,-17.155658557976395,-6.989418541838257,-3.1806733069190036,25.288450339745,-1.276873059227512
412,ZG8510487,1.0,412,25.021520077742974,-11.137663118547241,-2.1091079425027672,4.036526533813348,20.94669211303086,12.240822887458116
413,ZG8525123,1.0,413,-27.794907978399575,-0.03827966276783603,-2.2937855210952054,4.116025982865542,21.001969537535718,12.349668504238906
