,Strain,Tob,Index,genexp_1,genexp_2,gpa_1,gpa_2,snps_1,snps_2
0,CF592_Iso2,0.0,0,-12.043747195234847,61.056305383297996,-5.364894365970058,-9.384452085306028,136.99067317230248,67.18663962286648
2,CH2500,0.0,2,-79.16569128325995,-56.71522583480708,6.894240071441499,5.757212561694697,158.08631554743974,119.7612040725693
3,CH2502,0.0,3,35.38885572158336,-39.35171125188212,-6.88263656397916,-0.20379041517777616,-155.32305163219434,23.021522033840718
4,CH2522,0.0,4,65.65147596901367,-109.15118416794475,-17.07600318965476,9.461942122717831,-119.08788806930205,14.000126574344776
5,CH2527,0.0,5,87.84671952069722,-87.76068479227112,-11.708143513118092,-3.6456079175326144,-120.18078938689818,-77.43340475585258
6,CH2543,1.0,6,12.215584589608968,-0.7864441464797942,108.11432119076288,4.025951479894608,342.75257130710855,-32.95846729073864
7,CH2560,1.0,7,-6.922481885154226,45.77183179836195,108.2218339713207,4.099951467644947,356.1312802339112,-64.82417705111602
8,CH2582,0.0,8,-4.0036535676913125,-65.35846325105764,-15.644616520010791,8.738626454355975,-179.33147608685505,-50.7006347609851
9,CH2591,1.0,9,-11.375866829419088,-21.405920229754543,110.98229808776608,7.048050277796242,342.7974589021021,-34.833519302714556
10,CH2597,0.0,10,117.85116379844065,-68.66657237167067,-13.363858552897707,8.349607190784756,-86.8011645743663,54.98165115270778
11,CH2598,0.0,11,63.55910339464558,-30.09287993749939,-10.31619235636303,-4.487347123084047,-158.16123196291525,109.45678049694314
12,CH2608,1.0,12,25.628482148222577,-49.84444502597865,90.17510497765235,-9.473069077005746,257.0478143151484,-73.92905759494062
13,CH2623,1.0,13,-5.108390387880233,-91.46267612386802,-14.699624079766267,-5.158546505264488,-159.26835002288,82.44574353547925
14,CH2639,1.0,14,-29.560941055492126,28.3534254303383,101.63388623681963,17.16114730504794,356.1414264501041,-68.01630527698697
15,CH2657,1.0,15,33.07831396731035,69.78508891844935,102.19016589385387,17.316644849001648,355.2961627574897,-68.99809483878103
16,CH2658,0.0,16,95.77727534723553,-36.708334106886305,-12.211783262843532,-4.010414194198817,-118.94313243617147,8.829975156102334
17,CH2660,0.0,17,66.81250149452495,-59.62480940136997,-13.438323236210552,8.111056505054215,-83.82486004457482,76.62836404578718
18,CH2665,1.0,18,63.70164229279918,-53.810250166085545,5.094173703651342,-8.51537577428698,203.54613258908384,54.501602552643945
19,CH2672,0.0,19,-25.332761374531778,73.32043939369593,43.77078335127896,-10.986200087200448,203.12840024157381,-46.715484525346575
20,CH2674,1.0,20,141.46302018940443,147.65041748245088,73.84258394517009,14.648964203204606,282.9643843896811,-14.750953767976776
21,CH2675,1.0,21,-38.64104834945029,37.43772018165528,113.22790797582587,7.21679377881039,359.1118450743162,-52.30002193170855
22,CH2677,0.0,22,-39.82033869659327,-33.5040839084358,-9.677064516532662,8.771948703095852,135.25554771969212,64.31032238630529
23,CH2678,0.0,23,67.46805425699135,24.496708673456727,-14.924964732022447,-5.293511276560846,-95.14142010828402,54.58148502946938
24,CH2680,0.0,24,-54.575121728040145,-40.12928398599874,-17.33297994691222,-4.447940496065071,-76.51659489362609,40.774370096573705
25,CH2682,0.0,25,50.6447950549548,-46.650842838210394,-15.826542896118529,8.793408043179447,-118.73304880092248,-96.76795769534391
26,CH2685,0.0,26,129.09035668620763,-87.53346176321,-5.4600537140349275,-6.975316671699712,177.38327398618202,85.15880384483995
27,CH2687,0.0,27,27.61470041723594,19.005246815200188,28.978544118458018,-7.8445553787758175,215.8777333153139,40.80366154384758
28,CH2690,0.0,28,208.75949112142706,5.280302672415409,-18.029950719057723,7.645819473275551,-131.26026981417183,47.24333092213139
29,CH2698,1.0,29,-31.767400353625273,-78.36326780238716,-32.234345300162694,-11.873185591854911,-223.924835804926,101.17766451708628
30,CH2699,1.0,30,-33.200418940088724,-9.860954855441435,113.27006847859613,7.223493412069749,359.9405960134101,-53.94501350438475
31,CH2705,1.0,31,54.727504907190045,-3.562716650441143,21.53538041504632,7.23372425660651,258.2202193368301,59.05541460807426
32,CH2706,1.0,32,5.017338822844169,-80.42925754842247,-18.70314952028478,10.722017563443842,-109.47319293744141,38.10088132484715
33,CH2707,1.0,33,186.20114791233132,48.81719135323834,-13.45992280249347,-4.495730549704528,-156.59333379240041,118.32060301071888
34,CH2713,0.0,34,184.5283357525886,91.75579738642521,20.220340691001525,-8.510308448647825,143.5808525407324,132.41571878918705
35,CH2718,0.0,35,73.93986376340011,-3.7452727889299084,-10.242063737327106,12.194236499945298,-138.48541393103875,89.88932598774015
36,CH2724,0.0,36,-23.892688606186805,-34.10381094548484,-7.133850368663622,-1.996493741229019,-89.23218887686888,22.437259677703647
37,CH2730,0.0,37,109.66545690871234,1.7282899343250213,4.942482986170125,-9.619699816310863,175.81157669181223,40.496936074358466
38,CH2734,0.0,38,37.75445648894302,-51.41947128126515,3.0095830070817815,10.629020277961365,141.7896072879436,-37.219633838791204
39,CH2735,0.0,39,12.815808724463174,-103.83883577267189,-19.10679247385886,6.134397014431101,-163.75423581037865,53.43539405913191
40,CH2747,0.0,40,46.054982510910776,-78.57971522646477,-62.76019469092447,63.159354374230816,-164.94883238599675,-136.53103838608402
41,CH2748,1.0,41,-2.2551570448681266,80.33542027859065,92.40516088745161,-9.79576640274796,315.1558410551266,-76.46582676980412
42,CH2756,0.0,42,-83.3573263460803,-25.190545426768228,-16.972731196360886,9.249906843327077,-172.31894853268278,33.450786480118325
43,CH2764,0.0,43,-7.113706775773092,-83.12732368035121,6.333018449264972,-11.101441570134558,-164.7916009910849,66.53087324328295
44,CH2824,0.0,44,20.407929040603676,14.90769600478167,-8.969485632513297,7.638002891897953,173.720248496134,115.66899891519462
45,CH2829,0.0,45,95.54027610500285,-113.32262631589667,8.270745068409806,7.31289620089075,147.79860377167307,127.54773519259265
46,CH2848,0.0,46,16.809094410037442,-24.908295198267197,1.2204340723042193,8.98710106978343,-95.01288962753694,35.33538395745667
47,CH2860,0.0,47,76.37300146310741,-28.382872691590002,-12.89909240798928,-2.1449777084193795,-123.92515048780862,73.37548655580629
48,CH2875,1.0,48,61.587491463117374,-59.788868052641206,-61.087626078531436,60.41250481461968,-174.40476430014883,-159.41930853322134
49,CH2922,0.0,49,-30.35172654640899,-87.76855295678119,-1.4914305610557996,6.572255657049976,143.6317806014019,-60.88470387958067
50,CH2939,0.0,50,61.47529262280121,-7.050808947291893,-11.20655136096177,-5.5130002552797714,-109.00450372429647,24.160302702055862
51,CH3173,1.0,51,-86.1846906800741,60.088636083799095,101.60193249865893,16.679367643169282,355.5735949970111,-68.27575099468336
52,CH3177,0.0,52,-23.246392617737797,-13.718325473212436,-12.943208367581908,-4.871060775554173,-160.69766085518748,81.39093682286047
53,CH3290,1.0,53,-50.6104722362433,-8.887155111414472,69.30072594698574,-9.310908743464251,311.2723217787435,-77.35597058108047
54,CH3325,0.0,54,16.57346858075548,-33.95041009304528,-17.384797005519232,11.351061161366308,-121.49345857463882,-58.79201339935798
55,CH3462,0.0,55,-55.84656710149624,5.380269554243478,12.529639726907428,4.4330140054341935,142.500066140566,138.51734270282583
56,CH3466,0.0,56,59.00786324312911,-87.28155323256689,-32.718654329853244,-8.14233029426892,-119.45064889478435,98.99294917961346
57,CH3484,0.0,57,-80.31877839050574,9.707421899555598,-26.3833235271277,6.599414823668387,-167.4097191483398,7.394394274649729
58,CH3549,0.0,58,20.246649487591164,-44.3640621356081,-14.3840097702789,-19.27550244693831,-164.33789897118228,77.90091256636197
59,CH3570,1.0,59,-82.58667406732056,-63.67872937690952,-44.04165154658133,17.468750635449517,-124.40623251531017,96.19873324899504
60,CH3613,1.0,60,6.101302530808305,-48.32732728073736,-32.53896874223761,-10.701894455192372,-218.20671006564046,93.76818242651014
61,CH3648,1.0,61,-2.14960578405583,14.7084196548368,112.9647545897297,7.1891638973908565,355.7853290966574,-43.34082979290973
62,CH3797,0.0,62,-181.71164717819465,44.04790883802565,-6.5304761821526975,11.24763752449378,199.67448113327862,70.79131733699835
63,CH3882,0.0,63,-184.15730394959658,15.58553147988289,-30.21810894234976,-8.261535300239474,-126.53853950833428,101.28198557767273
64,CH3906,0.0,64,-143.05175285393452,-35.900145979306934,-25.428671110324824,5.788585665976427,-163.85314396438952,5.429181047038665
65,CH4035,1.0,65,-107.20283996619837,67.65987675305847,111.2515525814264,7.079733202864095,355.39545801890745,-68.88500611198806
66,CH4083,0.0,66,-111.22818682998488,-48.30448159281605,-10.91651719614165,-5.39138741007626,-123.62671707375588,14.698139432386409
67,CH4411,1.0,67,-111.18583073518786,60.53408155898469,-14.13981987762066,-0.19752150924802347,-121.19810909091103,-80.28416028987036
68,CH4418,0.0,68,-71.83987331555713,41.6683877772667,77.26752060816084,-32.71166228385701,289.20468478802553,-10.162733875462711
69,CH4433,1.0,69,-87.38795753785449,13.334272192644503,-13.34936151696532,-10.729467437928237,101.17360105087322,114.82578653899678
70,CH4438,0.0,70,-39.60531887133578,-0.3685334089892123,-17.234818221785478,9.768744479906028,-121.12580311519156,4.175782780567035
71,CH4443,1.0,71,-160.0829562552632,48.84091334677928,-63.513253049016804,63.57247560584745,-170.5025533829986,-165.32048118173157
72,CH4446,0.0,72,22.729231124376053,-40.48920014757316,-13.593905458374033,-3.448051820163839,-162.20644676707497,89.75988531148545
73,CH4489,0.0,73,-57.79990491793409,-68.97237723843153,12.785045225150009,7.874775424700305,171.34960180418332,92.99158208253972
74,CH4509,0.0,74,-151.1373913926428,-16.146461925709357,-17.407889519972112,9.499736176134753,-117.29550758836416,14.812947651551504
75,CH4520,0.0,75,-141.78140843656368,-32.5812842435251,-32.86079163330645,-25.01747836109994,-199.45951197183842,-21.798794800802582
76,CH4528,0.0,76,-83.8384942407517,12.115940406206137,-19.156290678730127,7.0406823398160245,-163.90908121362654,54.34250360903853
77,CH4548,1.0,77,-71.62865374905894,20.498324879508445,110.93592607447098,7.009982114014604,340.8909579606821,-32.097872651631846
78,CH4549,0.0,78,124.66210142046161,75.13086530728958,-12.485595585130227,-2.8073998681113275,-128.50098122360254,-80.64653837765398
79,CH4560,1.0,79,0.44255457718658137,5.873474204960787,103.48385783782585,16.896300043263782,308.45404473232577,-66.04261538010056
81,CH4591,0.0,81,124.80479392799393,31.895080122552567,-27.709473070683565,10.987901916117119,-122.7838639960235,92.16713413254686
82,CH4602,0.0,82,-124.8732476313564,-57.76355552712819,109.18515166863149,4.063750839678797,358.229076443687,-60.99901471945659
83,CH4634,0.0,83,-155.7605187852643,37.01874337680857,34.33615252063748,-30.051662025666428,198.0572955520259,-50.523524811357035
84,CH4681,0.0,84,-168.86481623000353,-28.756616764600107,-31.44937481693912,-7.298130636593451,-76.38361518873923,97.53900587870577
85,CH4684,0.0,85,-109.84257714406078,-13.60381124377507,-11.747340350533369,-6.732128538805343,-12.459654173359558,52.223280439156184
86,CH4703,0.0,86,57.65599830518764,-42.90318320415591,-17.013233036727392,9.889472294527287,-88.68397753429471,-25.727626290613554
87,CH4704,0.0,87,-52.2794724865298,-82.33287730959424,-26.018553763739536,5.604867052276899,-134.38336531146683,6.628405915136925
88,CH4733,0.0,88,-89.0999276911048,7.452297456415056,-12.003925367028922,-4.324805411321599,-120.02209127627327,-77.8482196939165
89,CH4745,1.0,89,21.50097265079875,-35.371307130388615,102.03870161115805,17.296356880809903,340.8644344871333,-31.562829150881598
90,CH4755,0.0,90,72.4628606857903,-73.92850098617056,-24.848724926956727,-5.9817956193415345,-134.3144300383008,-81.6659673156701
91,CH4757,0.0,91,-15.709013708317793,-78.68955768715239,5.479979374475386,7.077252281651477,147.9521707793802,125.29950622115322
92,CH4766,0.0,92,61.33758732999176,-13.986764340460278,-9.863793393724206,-5.242993979988326,-100.39924767155375,46.07005993840846
93,CH4780,0.0,93,31.57216871768537,-29.742286129427416,-10.195787700698437,-6.90507966823828,-166.06977608410503,66.31298796781816
94,CH4785,0.0,94,26.250884675973218,-64.99265392402245,-31.925629255041606,-25.534768696615945,-200.87878204044156,-19.923426771942978
95,CH4840,0.0,95,-5.523759390801704,-101.65261464542174,-7.39996869402873,-2.099362084094609,-150.18732958016855,28.929970629419838
96,CH4860,0.0,96,15.915103907562298,-67.1140351939389,-22.583855754209903,-5.120422044552193,-136.15552457937616,-85.3828508215844
97,CH4862,1.0,97,53.86618498547051,20.204546650906725,-7.046176520404434,-9.281136934211684,159.22403897244237,-56.04264928966492
98,CH4877,1.0,98,69.40914110893284,-20.748629311317334,22.264664926965917,6.708296868566898,260.7590340390952,59.13051219599088
99,CH4878,0.0,99,86.77581045173906,-82.33320787286566,-14.147359033150376,-17.22942300000881,-158.17713262723308,96.76735317317714
100,CH4891,0.0,100,-48.687431906467836,-38.574547182281975,-14.413729580760243,-0.17626192082682407,-182.44652563611848,-45.33378782911264
101,CH4914,0.0,101,-189.45762019466378,-24.91612870193062,-34.38875157058914,-9.172128510638956,-228.4564271801358,97.0660192724711
102,CH4916,0.0,102,25.98739936008565,-65.77896702376476,109.27845168243711,4.079947355335524,357.89568698901536,-61.24646370124432
103,CH4990,0.0,103,-114.49757022435087,90.00169107834164,-61.41882480104076,61.377953592608,-173.86930198329304,-129.03545045750846
104,CH4992,0.0,104,-105.08452980218074,71.66450710295689,-14.418702497419721,-2.9638670441047394,127.93291815150788,129.7780943008963
105,CH5022,1.0,105,-28.51513050697416,-24.53546001156268,105.56345509067977,17.763153593701468,324.1293166844536,35.97839003887788
106,CH5052,1.0,106,4.223448519607322,67.21915273111016,94.51515015666695,-10.90662210295042,310.3128957606844,-73.99290957270826
107,CH5066,0.0,107,-29.454286470903146,34.24168074238418,-9.840577277113283,-6.0865441343444,-128.237709138843,-15.619864771850365
108,CH5159,1.0,108,-54.94306302767253,102.14188166200647,101.87991741724173,17.262702226523672,341.91390409296093,-23.262060297339502
109,CH5174,1.0,109,-97.59363311645329,27.440636764554238,100.61103610418462,15.962160857644658,283.6341288387727,-10.378681872690906
110,CH5182,0.0,110,5.895570658143407,-59.9469540730784,-7.932228204865497,-3.1457551813744966,-85.92050297475936,44.42624620655886
111,CH5193,1.0,111,47.39015785051536,74.57395290601902,110.83652212424788,7.177446363345748,354.5220223184578,-70.91137975507966
112,CH5206,0.0,112,81.56726541397306,95.786945972785,-9.908883480639107,-4.868679586426882,-0.053673325468001375,68.1095279425242
113,CH5262,0.0,113,79.5227134735402,-108.90606185675426,-9.955474435709979,-6.188044639216344,-109.04169151081118,15.747151962028472
114,CH5267,0.0,114,-9.38066075275752,-82.4169368817955,42.167985312113046,-14.982418348176202,179.7071495464839,3.5708734903176897
115,CH5291,0.0,115,41.93920988787936,-74.33236624556773,-2.074489596367684,-22.732037085534092,-163.61778823965454,62.4494198810535
116,CH5334,0.0,116,-57.91420633373778,-47.82266525269113,40.182018152416425,11.948421349909866,226.51913824108075,149.1041858391579
117,CH5353,0.0,117,-73.18795587716242,-14.962115645093093,-13.13949777123201,7.3387584637304695,-95.52538582644449,-0.1731683534201916
118,CH5356,1.0,118,-2.1038719445719094,60.78783259056537,-19.133980988236303,12.762848597646848,-129.19087686453602,-78.81637296597924
119,CH5362,0.0,119,-15.78351207522567,-38.66071376779087,-11.932631645651671,-4.553751993696838,-102.78136229790417,58.77383720465257
120,CH5363,0.0,120,145.63587831269342,76.62116406537695,-16.454915502022818,10.802987662089137,-159.57023860421728,119.63898288060055
121,CH5387,0.0,121,36.826410257865135,-65.42687558523494,-12.175878267310551,-4.544416270594854,12.76001307273113,98.79608347485916
123,CH5462,0.0,123,-24.490363043307916,36.21658006482263,-2.5671876772652524,-6.878804598626424,193.9126746629919,65.9269944721331
124,CH5464,1.0,124,-52.735796808588404,-10.571025297468704,110.87836601825549,7.141582004385309,358.5441544607346,-71.54799070738225
125,CH5478,0.0,125,39.27116565745687,-32.51570137873759,-17.640743082729113,6.72512661131898,-140.58935104827725,27.968203206878545
126,CH5528,0.0,126,-4.077405502704186,-69.18540755861912,0.5514373860338712,7.102444839297854,137.99342613059335,-55.47395713190069
127,CH5531,0.0,127,-24.134432684109886,-82.01797816318933,-15.284295317161089,6.424581965891083,-161.68407272714376,55.95826163041361
128,CH5548,0.0,128,56.773770746386774,16.4512336507143,-13.328924609095042,7.785166927847604,-109.49125622389423,-0.19647475005202958
129,CH5550,0.0,129,59.6831863921147,-34.21877870493802,-17.302059514911136,-5.8763184950434795,-85.35155422622591,45.72832614262364
130,CH5551,1.0,130,61.44703056538993,-83.17298212219112,-22.427393556960364,-8.665456058875348,-162.31290639734834,63.08519908266761
131,CH5591,1.0,131,79.41762513609791,94.69927276531378,21.600585270232397,7.212729680368373,203.11420841451255,56.31345596917919
132,CH5596,0.0,132,-32.500810027450754,-70.95479853853556,14.719198705735689,-6.078812421320749,186.65564718027457,85.65839067451999
133,CH5597,0.0,133,12.090976721763093,-88.81304899352095,-24.41109438530042,-6.778962468972958,-115.26116156895593,18.045310953687977
134,CH5621,0.0,134,2.45746383455231,-89.3466004105143,-11.177354053227072,-7.538397139358872,-164.96279808659625,73.33149063689636
135,CH5638,0.0,135,-29.584095224592463,-62.82822077635604,-17.95567282884539,10.952045732930314,-45.974178967084505,-94.73348970221132
136,CH5666,1.0,136,-41.01833915745868,37.09676187688047,110.41216524521919,7.0831765197371785,339.87280940263906,-32.17968999555977
137,CH5688,1.0,137,98.27025103967034,24.50631219561726,93.54329015806523,-9.66976391600913,312.02795158926966,-77.43995971546833
138,CH5695,1.0,138,59.62576640577672,-24.62334213001062,111.05818486002619,7.059214180179983,312.7521840474828,-79.25711971545607
139,ESP002,0.0,139,-75.03435563988879,88.50681356368457,5.7811649569204295,-6.088208890370133,182.96827251175438,175.4024940717108
140,ESP003,0.0,140,141.1751525150276,81.66428116913238,3.218671343405686,-8.654188228846996,153.34339990381372,139.30215948376025
141,ESP004,1.0,141,-97.67447691715908,33.67986496956456,-3.0767327085564973,-9.161642557208053,153.68099662038375,139.90975433537992
142,ESP006,1.0,142,-56.145714143823824,-0.03861266101740973,-17.058289720250876,11.025307087010962,-170.22404030325725,-2.7240392690594604
143,ESP009,0.0,143,-53.36244618844925,-1.4402889292636407,-16.98306312818289,8.786899441181514,-132.49781292073564,2.4363711502311673
144,ESP011,0.0,144,110.37995910463361,122.97953646797669,-29.629043774548563,9.133788369340124,-41.43862769940578,-122.36164029688946
145,ESP012,1.0,145,-68.76120272654023,24.321310495220292,-10.821679403447407,0.33431701252187884,-33.76982183558969,18.013053622427815
146,ESP013,1.0,146,-94.33289564623199,-8.8656738478676,-13.950724548525947,9.450203696714594,-34.021780355342585,-2.1977791900984522
147,ESP015,0.0,147,-66.29801273457443,36.42463482554746,5.712517295404188,-6.620042842883004,173.1614994453439,123.13040754500209
148,ESP020,0.0,148,42.47701219372156,36.618350057026916,43.26198384012433,-7.675452227786197,241.6372078513424,-38.93365588200944
149,ESP021,0.0,149,-16.948544663982048,-108.47834335385834,6.151954737524227,6.527196291627054,151.771696882312,127.68853207446965
150,ESP022,0.0,150,71.12193550009845,99.14037899748634,-31.861971357490244,-4.429473070195233,-125.11730069637281,68.73137669065393
151,ESP023,0.0,151,-16.187875492802654,-77.56746172729008,-8.138583695520317,-5.68680122659815,-44.481368939437886,-10.659690782229465
152,ESP024,0.0,152,-50.16607670715597,-43.04815008568782,-13.841314043527312,-5.061314560514216,-42.024002792088645,-119.11511039660093
153,ESP025,1.0,153,27.41181553617788,-11.022103560232775,-17.319949300314864,8.891675253628,-130.3025196262214,2.933386786501606
154,ESP027,0.0,154,3.50981064189307,-66.52205008054703,-16.36226145875993,10.21086004757959,-80.67640816080085,55.07283564749153
155,ESP028,0.0,155,-2.0622733380137754,-86.26054655531264,14.531332309639279,-6.982570707399245,188.06832731666665,86.54914674702503
156,ESP029,0.0,156,-30.847413483605727,114.799378742367,-12.626458049708848,-2.8895824350443644,-161.71458649291327,85.14582969629136
157,ESP031,0.0,157,4.020840947415116,69.6921769568901,-12.59037369911725,8.729685240142194,54.386756934309076,-86.26473876580563
158,ESP032,0.0,158,-76.02833681984313,89.31539233928684,10.90495427429415,-4.096458719516882,-72.23533791080779,79.66306971813404
159,ESP033,0.0,159,-29.200773864822285,12.460143291173,13.541814263604675,-5.506796770112029,173.3619136707191,122.48414382709252
160,ESP034,0.0,160,-16.107125854874393,-11.095190388047897,9.737571408550279,-6.2366258374974635,-91.02862918941089,53.620043818598944
161,ESP035,0.0,161,-25.02257769487065,-28.314676599883516,-13.0339824070269,7.056320528081423,-98.71537784603763,57.219006009075734
162,ESP036,0.0,162,-13.392792055567519,-33.911080152190685,-13.12879315496868,9.597736652321155,-86.83263426940039,45.102333572014444
163,ESP037,0.0,163,-71.08492575045567,-20.40490911085646,-2.105138753761572,-7.291518349959398,188.22391911915395,29.201022422399276
164,ESP038,0.0,164,173.37888171142717,86.69206286329066,-10.749510413477779,-5.216731720826864,-44.86476694485515,-34.272418834650836
165,ESP039,0.0,165,180.30444919602598,138.0429503066983,-8.589216620590891,-4.5518922631079395,-39.020079713858586,-34.013773844550656
167,ESP043,1.0,167,138.4360616890251,147.06708475866475,-51.16819276401803,-55.13908681512622,-164.95759346644346,-113.96291852041871
168,ESP044,0.0,168,73.16963985793633,93.33467648438307,-26.44873233866316,6.732910780191523,-164.95036814822245,37.66996772525833
169,ESP046,0.0,169,-16.80732059567617,-25.409400888454453,0.01754670549100839,-7.003532902437978,170.4488439989693,116.68330576827805
170,ESP047,1.0,170,116.61770400430129,102.03500723130233,-62.34329612995659,-71.55407002574265,-166.54006488412742,-120.72730797925122
171,ESP050,0.0,171,27.852408829500174,-59.28155288583642,3.6659071370122307,-5.548253738761938,173.194925374968,121.77932678384408
172,ESP053,1.0,172,-52.89164563832541,97.7532281936216,88.93272661778445,-10.664002244701614,255.14856727073044,-68.98649620853213
173,ESP055,0.0,173,12.383058345344736,-75.26084912662085,-16.53135781096236,9.577072934322327,-176.66228657559904,3.8301787597159755
174,ESP057,0.0,174,21.52840727801292,-71.90612826217352,-17.793555074538972,-5.02400314396361,-126.873432310895,6.653799888913817
175,ESP058,0.0,175,20.386960935737125,-68.74489986616875,-26.99651029767078,7.972982900658131,-146.6019480018092,58.9505959565575
176,ESP059,0.0,176,10.423598203625358,-71.08049087741732,-17.66972395117504,-5.020120135356951,-126.07969700312776,5.1067083674468154
177,ESP060,1.0,177,-59.23456047356789,-42.83178448498729,-31.23380506819811,6.998874479037804,-99.91573091059162,-126.41794870757822
178,ESP061,1.0,178,86.49723671832888,99.1128030666549,-51.54382362237927,-55.98743575465161,-127.69220210191745,-119.69772529378058
179,ESP063,1.0,179,15.667247477028955,-23.680835049914304,-60.45533779631413,-69.45075137539024,-130.85754469468978,-114.47302963242679
180,ESP064,1.0,180,-6.0087933223615595,-84.04675035206394,-31.07186249823345,9.806130414829214,-95.0217041117755,-136.43448090099852
181,ESP066,0.0,181,-137.87422624499283,42.49506664417462,-52.10593652476438,-54.307003572927414,-127.94996463258175,-119.80460706028639
182,ESP067,0.0,182,-186.96121056303008,-12.975927659955202,-15.652750010816652,11.113320418661019,-87.34142653196443,43.97131456636467
183,ESP068,1.0,183,-184.35977780418088,92.05217572435765,85.9093090092971,-15.748656213943471,308.19785116969746,-79.0284853643944
184,ESP069,1.0,184,-189.87355571767034,95.1267091161182,-31.344740315392638,10.014780245494066,-94.99323352794849,-135.8138134592663
185,ESP070,0.0,185,-160.72448460290474,-6.945338506717834,48.71915675487988,-13.653719296039258,168.19404969603394,10.830851470144724
187,ESP072,0.0,187,-154.97583822454035,42.367514744094244,-10.163740989860063,-4.285857694970839,-164.53930138967854,90.2452493068208
188,ESP073,0.0,188,-170.39071053195113,-20.54092606724907,-10.148282141986533,-4.360544174473009,-164.2221092499191,90.52709263336332
189,ESP074,1.0,189,-173.39541519247024,7.890293934265724,-59.82881232742398,-68.36301613896302,-133.39958890788483,-105.8018826124889
190,ESP075,0.0,190,-106.22299388322827,-32.41243153862597,-0.25042646853870887,5.967817457298216,170.93268527487754,87.79780691368298
191,ESP076,0.0,191,-73.29821499389168,79.47605567527786,-0.21116813038840254,6.075131195007593,169.40339931109796,89.72283682523347
192,ESP077,1.0,192,9.831373367515113,-59.60447361287869,-19.50133216400281,9.43676308375264,105.78168857104075,111.15433545440159
193,ESP078,1.0,193,-53.98880608265614,69.36183057156994,-31.239734510015605,10.08730415928905,-95.30572738220162,-135.7354584450979
194,ESP079,1.0,194,-93.48445517988621,48.19923954116823,-59.50928938689025,-68.0317597099194,-164.96274614312995,-120.09725423573848
195,ESP081,0.0,195,-150.86223364826097,25.093948043900944,-13.728049661034706,-2.23851799594892,-166.1223312844595,101.24424488333962
196,ESP082,1.0,196,-133.64468979527973,37.85966545928364,-58.95860466491586,-67.18755300920294,-131.6878295997358,-113.95888142643378
197,ESP083,1.0,197,-98.0930562841699,66.62407404194808,-59.83221240188738,-68.50263629399873,-130.82811016093484,-112.66884389291118
198,ESP084,1.0,198,-116.77152100571442,64.48319854644335,-31.21638018905934,10.015111797480174,-96.65836556562596,-136.57613895342755
199,ESP088,1.0,199,-101.5896228466433,59.46155009474679,-60.8212479855455,-69.91315353043423,-132.48218089436799,-112.60387563663404
200,ESP091,0.0,200,-70.6555914346154,62.575541480063805,85.33440995010002,-13.920436608918639,309.1538800639544,-74.65721426061303
201,F1659,0.0,201,85.12064779527637,113.66235952529156,27.605710130422274,-4.874805564631015,151.26824613609233,-62.55022862525865
202,F1688,0.0,202,44.324284739016676,-24.386532391553505,-11.4237383993173,0.9362058896165824,-115.54612190649624,73.38277704285196
203,F1689,0.0,203,12.432827375724827,-57.9345656826612,-11.552173001611596,0.5508094872975621,-87.04797155441436,61.52311918017036
204,F1697,1.0,204,-20.374242974859904,87.28285634703299,85.12832981401158,5.492683451765445,314.0511858221546,-72.30954541155393
205,F1706,0.0,205,-15.345975792978301,-48.471105726927824,-35.00239201938957,3.5726642231817913,-121.26709615351335,93.77729491863772
206,F1712,1.0,206,-51.821175968280855,-5.833041365776008,-51.2237965073301,-55.46054035188808,-168.36057222171806,-121.38024922257497
207,F1724,1.0,207,-47.01339837711693,59.30883578018034,85.60961289021976,5.066033228798829,314.0547619284906,-80.282878677502
208,F1727,0.0,208,99.36308955565062,16.81951578410472,-14.827713290827578,7.546138920606932,-159.8539523795371,99.01641357994944
209,F1741,1.0,209,-54.272223872207746,78.64614825033445,86.03270068127459,3.8820286333240572,343.9898778284953,-51.28222186967928
210,F1745,1.0,210,-66.60602205517658,6.771478074794769,-64.2120721396262,-75.14635920420284,-168.5449570881944,-111.52700509160978
211,F1746,1.0,211,-93.52585319012032,91.98919862670239,78.45371140893913,15.420658724823147,318.5285097459554,-84.07960000471338
212,F1747,1.0,212,81.88494508298884,87.24703359624303,85.64326008692723,4.792517291550071,318.1207076297383,-83.92371971417
213,F1748,0.0,213,92.13507886545065,19.66998204910343,-34.30470212376233,9.713298772976268,-121.87419059812719,93.94880477095495
214,F1752,1.0,214,57.02412408689807,17.748743014194606,-9.253454238508354,-5.801239583853804,-115.78439089796578,-18.564468888875943
215,F1754,1.0,215,18.287632050830567,95.61834745864788,17.857332293121576,6.657708972867736,233.1854394163941,-2.244034172156072
216,F1757,0.0,216,-136.90650413267085,32.54669760423798,-14.006764204452589,-4.584959346150823,-163.3703312893748,63.591848872848445
217,F1758,0.0,217,157.0479116151554,88.53069748232087,-36.396809232292995,8.92837615799597,-176.77629755242893,4.171606231596968
218,F1759,0.0,218,-42.912225654846594,-84.4135470941776,-10.630840482460536,-5.807023164984568,-157.67007742185928,102.5226546793051
219,F1760,1.0,219,58.480569379853215,54.74042461944936,-9.449374230208376,-5.78532418547692,-117.46428916135153,-11.044862590404378
220,F1763,1.0,220,66.37982114856935,7.813551418051217,-30.866207021324538,-9.018887222382293,-163.32657922499416,63.89842884326571
221,F1764,0.0,221,30.586744164597636,-33.762313854468545,-12.25623774797998,-3.834577430138281,-106.19427408602964,34.97924421288838
222,F1775,0.0,222,-29.36779599137871,-44.02506145600869,-16.876198490647646,11.676750762031272,-160.29063812006999,106.07933194378924
223,F1787,1.0,223,50.155478156164115,-11.594766142880568,-30.839329820390216,-7.950843663577539,-126.97526596352381,79.46609018450347
224,F1789,1.0,224,-19.435004250763104,82.1300686883957,-9.243530916399738,-5.960298379209798,-119.00021509486811,-8.136760884536917
225,F1795,1.0,225,-46.076129649763004,71.88547127150157,86.16972583351563,4.425643086835593,317.3589760156825,-60.400279482413296
226,F1796,1.0,226,-53.89790476879457,-6.805442458870958,-61.43231123173454,-70.93470918771017,-169.44115247714612,-121.32394635173692
227,F1798,1.0,227,-70.36058834272211,-1.7883220893148681,-61.89938785875096,-71.20236125071582,-169.9792451866316,-121.30337843237216
228,F1800,0.0,228,-98.43766317728011,58.19399348961972,-12.743000638400773,-1.5890575363230963,-121.99457985612985,-83.70697282815271
229,F1801,0.0,229,-113.81381101601006,77.06008930472137,23.867087316997914,7.688711786158883,177.9346791224677,-33.36740808390935
230,F1810,1.0,230,1.08581096894957,96.87464388170436,85.499978268129,4.803829942185982,319.3139622351244,-81.44510407567562
231,F1812,1.0,231,-144.57262398398186,65.69335028520398,-9.3552510825321,-5.748282318579411,-116.77582399563207,-11.095130467739208
232,F1821,1.0,232,-97.91867314130967,81.15475861404377,-9.362630164674163,-5.927358215799798,-117.21080561877196,-12.9184117547276
233,F1823,0.0,233,25.38772343234422,41.58829416864495,-58.59796603140589,57.42085343574169,-175.34940364092003,-135.38514921902365
234,F1853,1.0,234,-2.4349915746117454,59.868342690164404,90.4379777535003,-9.610986288853551,312.1021406166041,-78.98075493234292
235,F1862,0.0,235,-37.27295504357651,-4.931789451107101,13.824624655215626,-6.165580870034188,130.0421111573573,-43.981076272353214
236,F1864,1.0,236,-97.67487766194819,13.985437162648036,85.7495014360351,4.813091015407813,357.8171059839295,-85.4696461045403
237,F1869,1.0,237,128.07178770527537,16.959943207303674,87.9639197062611,-3.7190216248399763,359.07230253736054,-86.29791625781009
238,F1880,0.0,238,125.19257903957003,-54.801009535189785,-31.719067221857788,13.25072575854288,-130.8502215787137,-136.82930508141314
239,F1883,0.0,239,86.05593075328476,-89.23018242158048,-31.486077719063534,12.844183587773394,-131.03625717592394,-131.02539222152652
240,F1894,0.0,240,18.143552390889397,-78.16807892114646,-15.748735640020922,7.984587435124455,-168.63196062669732,25.469187000244595
241,F1957,0.0,241,137.8044451175316,60.01261825253266,22.69271789199951,7.138647241327896,164.29624784100318,6.051016060959101
242,F1968,0.0,242,65.4824163119468,-90.76620577968468,-12.573222072706544,-22.406266417382565,-161.9459298002358,57.43522598204839
243,F1979,1.0,243,-4.682013863044308,53.5805963877033,83.27252615487342,2.3549973008737384,339.1455108632397,-35.634915361483394
244,F1983,1.0,244,56.036720190195624,40.43992772510194,78.16975757517731,13.724926617928324,312.9776477361984,-77.42143164483561
245,F1997,0.0,245,2.8948161959313787,-15.567058932078314,-16.736512653101574,9.817323708530644,-91.08812207039563,-32.511767235527635
246,F2000,1.0,246,-39.848746451112504,102.72712297434892,84.15752427411707,7.7813224496213,316.1308104165096,-85.63618341275027
247,F2003,0.0,247,113.37692796471653,-33.658510933798155,12.940831834905092,-7.430261739062596,147.15397897007693,126.39800236929574
248,F2005,0.0,248,56.910676679167324,-8.10605844635242,-16.74566439542343,9.750666806455,-96.76870808422865,-11.612794167660338
249,F2006,0.0,249,-103.32949978150491,18.067168817114393,-62.44749440077483,62.795051852586354,-175.95359584747519,-161.47257624145468
250,F2010,0.0,250,80.88376716232246,34.223502414941926,-35.04654407436436,4.134385222651325,-124.5820193114363,101.27758510492589
251,F2017,0.0,251,55.85978564395508,-66.67155166300967,-61.12771366615761,61.12192334631511,-176.75357810392433,-166.97722733721156
252,F2020,0.0,252,-3.5239157070140843,-50.93555999708428,12.928019141710271,-7.461301557409527,147.14872345186328,126.36967654736686
253,F2029,0.0,253,-9.53249146356278,-9.992641912952237,-21.82986435651654,-9.36492278255119,-161.9606786318492,23.226994950982952
254,F2030,1.0,254,60.59259418897029,48.13187816977347,77.82072233159123,14.856775613833305,316.6750091378875,-85.075561541385
255,F2034,0.0,255,42.37164132725907,-68.35127584427477,-37.18930649522888,12.884314006490767,-128.24409926238044,-135.44802169901288
256,F2035,0.0,256,153.45467033852685,32.899733562568215,-61.248013442069556,61.282553278840524,-176.539516899069,-165.7749923062491
257,F2040,1.0,257,18.156755195032073,28.07341058112255,85.88512056311353,4.316230785355673,340.45897648857135,-33.74980752295658
258,F2044,0.0,258,55.31331557622313,-50.07786073551314,14.558709008524167,-9.519251622789026,199.682502320106,62.12736838938573
259,F2045,1.0,259,142.14979549023457,114.96139988262216,18.513471049964785,-10.675334371762213,243.98056884419466,-42.25539197542749
260,F2054,1.0,260,-56.42855074592441,30.097335433051573,-4.362209082238008,-5.859838054416359,-117.47834047866873,-11.264866164407069
261,F2055,1.0,261,-19.837427946622913,54.480632421676745,-60.750963176885485,-69.89963590533799,-166.94347313943945,-119.44260883633544
262,F2056,1.0,262,-13.9462968021647,15.359852335961286,85.1814953168749,5.323810050226614,313.2378937341708,-80.1126786001038
263,F2059,1.0,263,-61.83122880655697,10.27105611292128,-60.46288803238569,-69.45633054870451,-159.2488199561377,-122.02021704236634
264,F2064,1.0,264,-73.61155085410114,73.21714625169078,78.16711330884752,15.765745522768343,313.79881951666573,-71.47856108218166
265,F2065,0.0,265,74.25269127667565,73.05314486235186,-35.012989355901304,13.101983649619942,-120.26992502145825,94.21106860171896
266,F2073,1.0,266,5.9885077911123865,2.4284128987188396,21.430433428194082,7.16851356540406,200.54401329716814,53.183456539677344
267,F2075,0.0,267,-71.22921539406194,-48.0541969683454,-17.453666258891733,-5.780691078896507,-158.93521750982575,84.09757450377253
268,F2081,0.0,268,-31.17327922128557,-69.49682604602327,-36.14670701785578,13.879193893352308,-126.05734558936356,76.64127118990334
269,F2084,0.0,269,-77.29700678352592,-30.059970688823515,-39.42022886468423,14.140746659971335,-126.41231016037968,76.51063764755368
270,F2093,0.0,270,-80.1881567146626,90.24304952548768,-38.345247402202396,13.487027807871922,-120.7077023926967,94.7358156179961
271,F2097,1.0,271,-42.95508768760214,-23.876331976701728,85.51000613207985,4.82354207613605,355.4599202349142,-82.91096914663294
272,F2098,1.0,272,-76.5992307453882,15.149450362000634,-33.36560284567635,-11.994010123514162,-222.84461225423277,94.15130427785544
274,F2128,0.0,274,26.961031646565658,-19.770252446975235,-39.345188348578134,14.320881391282553,-126.99518516097218,76.50901295513172
275,F2137,0.0,275,152.19538038835148,121.0051724423662,-62.18261273545797,62.595923292211715,-173.7016673503319,-129.8377771831021
276,F2148,0.0,276,-44.51933014315885,14.593690583520583,-62.20213445384708,62.627821937713016,-174.59546368271708,-129.6824846717518
277,F2165,0.0,277,161.06555969715254,133.610508237087,-62.14402283979348,62.547149397061936,-174.17223886736372,-159.96129856154857
278,F2166,0.0,278,-23.436393416943325,-43.60505267252268,-62.21920115744122,62.635571607849826,-175.2110563543239,-160.4745161728176
279,F2167,1.0,279,18.51470819265458,76.94700710118849,84.62250961406116,5.725301935314318,338.1215361236999,-35.755655442633206
280,F2172,0.0,280,-81.97348115795009,-22.265360919076848,-27.574999070960462,6.0473990867628284,-141.85442550569664,59.73409937742505
281,F2176,1.0,281,-98.91996488719114,68.49802511966105,-15.996483788546435,10.566301154777385,-117.60683135047374,-74.16039494125872
282,F2199,1.0,282,-36.71181904446398,54.84285829061719,-63.74757600404733,-74.38100036805098,-172.9518666343579,-102.13656343681389
283,F2205,0.0,283,-86.162665923332,55.59215988951752,-21.593449046049315,-7.316815906772162,-138.44852567694844,68.12768305161694
284,F2208,1.0,284,-54.93181092802449,104.8167633291487,91.0260355052626,-7.421796568015719,360.3606549207928,-84.39230241840929
285,F2230,0.0,285,177.12912038055393,101.77269255625549,-32.435073978131996,13.159605689670949,-126.27287709651455,97.81323336539828
286,F2234,0.0,286,104.32776899284524,62.52415259129249,-62.26650536984306,62.70578119806709,-174.14149604275366,-160.25947910368873
287,F2235,1.0,287,-37.88087905275217,-20.993721905052656,-64.990126163187,-76.12333617462035,-174.27034081011215,-122.60188276961844
288,F2236,0.0,288,65.83035050054252,87.14851694186918,-13.218909069158187,-0.8025010700012887,-153.19520383305507,118.3923949008762
289,F2240,1.0,289,96.42204476815688,26.559711855007812,-63.53344005191153,-74.0167672805933,-172.46702929292422,-101.02760854543486
290,M70563004,0.0,290,74.4827767253431,87.55576743818361,-16.76074461731088,11.352590541355887,-104.65337025536661,-34.72866869962101
291,M70564993,0.0,291,-48.71138749986599,5.28094479420101,12.782002323410646,8.288449960634221,153.8249091538485,-66.7390522772078
292,M70565254,0.0,292,-137.22069315069476,26.639642780075068,-27.963577911337268,6.305053879957652,-147.85404910593337,-68.03387195362883
293,M70565897,0.0,293,12.879802295085156,-26.77661815600282,-14.445249134323479,-2.5339218974803126,-162.95149840853168,26.802273510988794
294,M70604538,0.0,294,43.23799922302331,101.46327760970912,-61.1807152038479,55.678945689057755,-175.562115733928,-143.98529501704311
295,M70608424,0.0,295,-139.81185339120412,135.28986879776684,-61.14515309358264,55.57020070209063,-175.72350695683605,-144.15498940687962
296,M70635118,1.0,296,-43.56553218856483,91.76762655957262,90.4387637548314,-11.011458077661992,310.1965656268174,-80.18047221315942
297,M70638412,1.0,297,-16.02143171684388,91.08714689538978,86.74377082324777,-11.724315675696245,308.0609669519669,-76.43213484427874
298,M70639645,0.0,298,133.10653971499647,-61.39569476666919,-8.86896199670341,-4.705671147684225,-97.09626314473712,42.659061796084025
299,M70640096,0.0,299,50.438975079205704,22.647481644552116,-12.380638261927501,-2.541420434280368,-120.19965898164016,-82.2229749744631
300,M70641593,0.0,300,7.8535828363411655,-44.96903454602682,-63.36400604905141,63.8981319303206,-174.99241645923945,-108.67123007016777
301,M70646050,0.0,301,207.80062578744378,61.37857093015263,-14.653922007090605,8.901145898167659,-47.49508597409582,-46.187444919126015
302,M70646077,0.0,302,120.4571350169156,27.630146254848075,-32.74681818153552,-11.884534375574145,-158.3073242992854,81.94355503089156
303,M70647319,0.0,303,116.61663928337363,26.15814501254574,-15.824763274414334,11.540561594000982,-119.18561352859109,-12.814034714080156
304,M70649365,0.0,304,21.411764562657172,-36.37841425653056,-59.901539108762776,59.17795852385614,-169.64171903936236,-160.64105262439702
305,M70652746,0.0,305,-31.654725089513338,56.41064608000506,-7.256038161883684,-2.1482919945445405,-87.33848761609704,14.865562044475062
306,M70656672,0.0,306,-50.60374348563261,-34.98152167613588,-64.39826483314313,65.03068817483252,-122.3939896724864,-143.63439764185534
307,M70663247,0.0,307,-37.488455039875916,72.64550591997993,14.379022500769468,-6.986136434841244,201.40459046934373,136.52555671608008
308,MHH0147,0.0,308,-107.55535189797057,63.620916005583794,-10.41813477658482,-4.406554860478491,-103.1401201910143,36.74830395259072
309,MHH0426,0.0,309,-143.22906120171237,-11.056607958214055,-14.726840038816858,-3.4278295655169324,-102.19034711629799,-73.25327365416409
310,MHH0927,0.0,310,-100.53302869671415,44.03272771287225,-14.845070547144374,8.203135393673138,-86.91472462695141,43.511089522373105
312,MHH14911,0.0,312,0.5093988830437901,-66.34991289896136,25.246851018291405,10.152155531986407,226.9475900124567,149.10965280626317
313,MHH14929,0.0,313,58.90735903825421,-27.652378093980698,-28.29553054527296,5.642990528359846,-101.53068925204168,-96.89063517273962
314,MHH14990,0.0,314,-41.83169428191265,49.74980927372683,-13.384087776472855,-3.3674225651916316,-75.33425690992001,94.58686963268129
315,MHH15015,0.0,315,-91.1073980219546,119.51234065899337,-31.184956341391306,10.426858961937295,-182.9305019681075,-154.06514978937423
316,MHH15083,1.0,316,61.081389006070935,-18.44223971914086,-52.082732567691224,-54.37688004226581,-133.00391057431267,-113.47753127472059
317,MHH15103,0.0,317,45.63525303234834,-60.233497475245414,25.40719693507122,10.149012352801943,224.60101107826725,148.08781391407618
318,MHH15151,0.0,318,33.124130018277036,-80.50695079469543,-12.806432991027817,6.801360682834035,-87.96249338837754,60.80190827874639
319,MHH15187,0.0,319,-28.264257503771105,-84.10415046461547,-15.656577295885844,10.876733569729073,-120.56883207320148,-90.8332928430028
320,MHH15204,0.0,320,52.37853476170556,48.77888536258605,2.2528643853604167,-6.217569453317527,142.19487524072036,134.08888945765113
321,MHH1525,1.0,321,76.90303915962133,23.121520324813407,14.203966946875761,-10.175867557003937,261.8803429383648,-16.86552020856535
322,MHH15275,1.0,322,12.372205606872772,-53.145360579006365,-51.469037611542795,-55.46833304506506,-136.7054604083997,-107.86222397622522
323,MHH15280,0.0,323,74.62818342415049,-69.80922854127034,-19.207508868276857,7.600931592224408,-163.78228444140817,52.61982422759979
324,MHH15817,0.0,324,7.915942524654995,-45.3307702566549,-17.51978833032673,10.138621929669217,-126.71643801485105,-111.78573258363724
325,MHH16050,0.0,325,57.82829783339797,-59.133932830408135,-12.180667617357757,-5.887394167980907,-95.53866653343968,54.652684584968796
326,MHH16208,0.0,326,-16.31618583453658,-49.013982349636336,-17.06398600514479,6.44612367798066,-138.90675778624328,33.4557416987299
327,MHH16371,0.0,327,72.30199147412904,-28.936396125166944,-10.51925581105105,-4.889178703346172,-83.77026393396113,50.65978348170924
328,MHH16379,0.0,328,27.516875957932765,-43.442154782682294,-15.36078847187966,9.406183898634405,-130.728803090091,45.88256160829771
329,MHH16427,0.0,329,-53.07597611657718,-45.00804014003927,-16.886444209526108,6.576934648729352,-141.15264035363532,26.17118049590182
330,MHH16459,0.0,330,59.804999681812156,-13.041661322260282,-24.58669885980999,12.399032001363146,-125.73216228607595,-5.034341394122177
331,MHH16513,0.0,331,60.290691490672415,-31.894789052576545,-15.473944634452142,9.569821246226876,-133.24697852698958,46.30692732685836
332,MHH16530,0.0,332,88.54492067550953,-10.082773683785353,30.224811102098748,-26.896958197445294,183.0435062898955,-35.288535902556305
333,MHH16563,0.0,333,-59.03785286900198,46.64422116488011,30.812887127983906,-26.833712124700956,182.63606494077644,-33.049307963717446
334,MHH16610,0.0,334,-21.492081044921118,-64.60223853778237,-15.320530208620527,9.474417435687329,-133.30392949569296,45.9375547824984
335,MHH16727,0.0,335,-11.564953072938222,-25.84162848488336,25.829995447011065,10.317002888525602,225.42486469453215,148.50200148489938
336,MHH16798,0.0,336,41.21524997713637,-37.355601737619516,-15.422435594456447,9.465369432243763,-131.66333565856087,46.31700483915226
338,MHH17233,1.0,338,-6.489449933307306,70.62164757528623,89.24517241458744,-6.935686504731682,281.0619169591822,-24.49962232585181
339,MHH17247,0.0,339,39.20255858339543,1.1479239451029388,-17.369779950021346,12.18662682434764,-54.14572110295629,-63.912502728429004
340,MHH17441,1.0,340,-21.567505499110037,28.04990744485453,91.61685859091115,-7.705294276415831,280.57357396877967,-23.877798808356758
341,MHH17501,0.0,341,18.020534764528023,32.21662306993785,-10.813002687721434,-5.0868358545409205,-85.55202249611365,44.27864416498678
342,MHH17546,1.0,342,61.87835940505029,-69.0187668095432,-12.398698963025153,-5.982855829431388,-50.0063541883767,-38.0195712084971
343,MHH17767,1.0,343,27.625190226676143,-4.07947573046336,-17.012078716733186,11.066304255987937,-163.17796454690708,75.40569599581481
344,MHH17783,0.0,344,32.08870017466662,20.733100241329204,-13.441030834673642,7.607184402620339,-108.03639912725968,-56.31336528451744
345,MHH1883,0.0,345,-90.56888520090328,60.069931966198496,15.44106372928371,-5.061789146769707,141.70052622878882,132.3400521375608
346,MHH2419,0.0,346,71.91845820072494,61.38521249667532,-11.03958707519552,-5.073689112852316,-165.55933007734322,33.92180677108546
347,MS1,0.0,347,-145.85600665109777,-30.59892465636255,-63.326664318495766,63.420607533335954,-125.63545906952257,-139.80103524096077
348,MS2,0.0,348,-7.980306395532928,117.30760706175361,-7.5970707059593385,-0.25951065674642504,-95.59037938044042,-4.4685592294830965
349,MS5,0.0,349,-193.59807470320047,32.04862739896376,-7.432231707958414,-0.17932064887823976,-96.00786980741145,-3.2952990081623104
350,PSAE1401,0.0,350,71.34179036051346,-103.69714868859899,-16.680888231381843,-19.67678419457109,-163.69077326078965,80.82979753948864
351,PSAE1438,0.0,351,54.267158881373796,-95.71798326006974,-15.60950264910861,-20.553708355747588,-163.9946830996916,83.27963089866063
352,PSAE1439,0.0,352,-20.741816073193043,-77.11985925509539,-15.697627138356838,-20.772337147696213,-163.86292235760158,83.81589593625601
353,PSAE1630,0.0,353,76.94089479752473,2.306520554228886,-28.498404388532897,6.49664476524944,-138.3145786463077,-76.32275856460033
354,PSAE1635,0.0,354,133.92848088520603,15.848342139531995,-2.7473572359280825,-8.043786826496563,143.53521187888538,53.2414080772627
355,PSAE1641,0.0,355,-7.060541538489877,-68.94767954850087,-4.552697767908376,-6.665082970302603,178.54345130716555,88.45066488600544
356,PSAE1642,0.0,356,57.66616852238386,-13.697716645135223,-2.815029477348957,-8.045653425573969,143.2015429354667,49.2822779247452
357,PSAE1645,0.0,357,-37.70947388766241,-75.52749073966785,-4.408851635268336,-6.538229377752924,177.5782291222534,91.28117884028593
358,PSAE1647,0.0,358,30.39245088111664,7.326642187385901,-2.7887148401316924,-8.031381134919748,143.03797565946812,49.971928019632585
359,PSAE1649,0.0,359,-20.736290432647863,-15.324873633514478,-2.907698078784685,-8.04570690798817,143.32039500753112,48.185854811652746
360,PSAE1651,0.0,360,-47.51273393502459,-13.579675649534122,-2.596082780569979,-8.050880585856845,143.43090670645404,48.69630627267648
361,PSAE1654,0.0,361,-86.28383830073493,13.396530498737146,-2.723372993560787,-8.017480480960042,151.04443878727727,39.526143547609706
362,PSAE1656,0.0,362,26.692623556528815,-47.25611842114494,-2.730413598379115,-8.016521035419409,143.17830944082453,48.19302508582624
363,PSAE1742,0.0,363,100.92592941032251,-79.2450791906748,-20.171057848727603,11.15252559674419,-212.2399184749752,12.868891659070744
364,PSAE1745,1.0,364,123.69411063694196,-26.44254528912871,-33.91375778610653,-9.610698152630667,-157.90910199484415,81.70078361260718
365,PSAE1837,0.0,365,-65.29378259762233,-45.10812740494991,-2.5927142845403726,-8.003816815058398,142.66412273583384,49.9838804921259
366,PSAE1872,0.0,366,-68.06902831193639,-15.63247247577525,-27.54454571384734,6.927690983859595,-186.28172476750012,-42.81683639793697
367,PSAE1903,0.0,367,-57.49121032682363,-69.78275889359844,-27.18910118541828,-1.114663599626039,-183.78313303205985,-31.482959012565033
368,PSAE1912,0.0,368,-27.535158224776044,-43.20573180325676,-28.844809978570392,-7.529950099786501,-157.92921514539898,40.31401571745482
369,PSAE1934,0.0,369,-33.25257875353132,-62.79932364602493,-12.49290430576524,-1.906601962298516,-118.84555802855701,-80.86381093564069
370,PSAE1970,0.0,370,93.32906030432295,-52.25690378138746,-43.491487305098076,25.60699890456359,-131.7309275969605,-125.35618627659852
371,PSAE1975,0.0,371,-4.81150192771026,-61.70068529589029,-79.19742684063219,81.23509688217256,-116.58861948123057,-135.1388215652685
372,PSAE1984,0.0,372,-86.28700479851962,-51.54847238958231,-30.32569602961486,7.4126182160935405,-110.68921757964829,-150.53802035796855
373,PSAE2125,0.0,373,-29.731497892738986,-46.84012049076729,-79.11099552461735,81.24931379320753,-120.59523428496749,-131.7395887477695
374,PSAE2126,0.0,374,109.8495675687675,-27.25852243830857,1.8622033402570957,-4.8520249344007285,-102.15704517372627,37.928177677757695
375,PSAE2127,1.0,375,42.90595476489787,102.31737311248826,93.53136519048756,-9.2914549619303,254.11256299776997,-64.08344174896854
376,PSAE2139,1.0,376,86.5109379381526,90.71530266951108,108.2919306174303,16.820874426608807,291.7706891135934,-1.8510556347440226
377,PSAE2325,0.0,377,86.6839179493921,-83.7157977228734,1.8200972441442362,-4.8288181582231235,-100.78660529781375,42.55804588472547
378,Vb20477,1.0,378,-76.7791458564262,-1.7541108698199503,93.45570890773672,-10.633770566152101,309.7286718679487,-79.03981074251558
379,Vb3320,0.0,379,75.49991652892797,33.257475174504,-1.8603471456518093,-5.805169072857216,133.3240337186943,92.67494264687971
380,ZG02420619,0.0,380,-10.18616726196567,-49.72501129885586,-15.471333669540153,9.593862261272104,-112.3880884787443,28.094347294739265
381,ZG02488718,0.0,381,-10.319083270104803,-45.635003763090644,15.186286836758727,-8.311717148300783,143.71466829386412,132.67798765082844
382,ZG02512057,0.0,382,26.61939536425734,-59.18141447624643,13.656555033166073,-7.956142566343585,141.52534796769825,133.33574065526915
383,ZG205565,0.0,383,15.930383235361635,-94.39822444208649,-13.723546854314149,-4.000522616224302,-126.92138254694405,9.070349203948535
384,ZG205694,0.0,384,17.059675955683158,-99.60887900058472,-36.554043092508564,7.610571033898267,-137.15312043658392,-65.3605548290888
385,ZG205710,0.0,385,157.20727396125622,100.57593101861956,-12.54188672771217,-4.019944317175685,-165.9405871282232,54.82427444416872
386,ZG205864,1.0,386,-34.36816885803287,66.49465997015994,-12.503259898054598,-10.251534281319929,-159.69423571258062,81.96904931097781
387,ZG301975,0.0,387,33.018268248426764,4.104797625190224,14.071260885433952,-6.065447536678623,129.12361960065198,-68.63709224151691
388,ZG302359,0.0,388,-43.59823127504638,-49.41287402335373,-39.783164367795514,10.884722344097822,-126.51651427023899,104.624755634448
389,ZG302367,0.0,389,-2.517191081226982,-73.84796347680602,-7.582669018844557,-3.414707067461772,-100.71409138259978,10.69056805444779
390,ZG302368,0.0,390,100.81718903231564,-13.28057590033974,-6.810202342063393,-0.31326009456739057,-119.45981084805587,19.644761477277655
391,ZG302370,0.0,391,50.188200372077695,35.707465109163735,-26.683163621671685,8.53293303248262,-185.53763081709147,-40.059191806712995
392,ZG302383,0.0,392,2.5143210734531425,-17.57032124215713,7.354219718977766,-6.784953056752262,178.42058020175563,81.83491621264992
393,ZG302431,0.0,393,-80.77279677362083,-18.075178652194804,-44.77847493610228,39.67584863209719,-174.24068371238153,-136.7549833790148
394,ZG302432,0.0,394,44.81594318807479,-119.02958413787947,-15.891399595945643,-17.784974355754102,-50.595765699651096,-52.321733492486985
395,ZG302442,0.0,395,-103.32978144438582,43.0993420662222,7.787996906586836,4.997906239084296,143.4003586643547,135.22572783676918
396,ZG302451,0.0,396,208.3181547488967,56.99551340625376,-9.786333658383143,-5.987246645714048,-108.4014659407358,1.0828473323898513
397,ZG314696,0.0,397,-42.60656193458417,-73.89108108177788,-39.311535989540126,14.03658885767032,-124.65065290280862,100.93005860389816
398,ZG314738,0.0,398,33.317604070279934,-62.58536779870508,15.196801185694603,-9.202555536420556,146.38417346629046,127.21396032287417
399,ZG314777,0.0,399,207.51111446392375,59.904985060970375,-11.296357443565984,-6.311078607670781,-105.85053503434894,10.545127189818388
400,ZG316694,0.0,400,81.88925476976578,-76.1617691130384,-13.555886710502223,7.481619139668041,-87.6614731471735,53.449044407473565
401,ZG316704,0.0,401,103.66060964678489,6.230175329799212,30.28212478161643,-26.643310352744926,167.2928017172248,16.352535142508632
402,ZG316716,0.0,402,77.12897284755645,36.657486160284435,-12.29878159095639,-5.307602203226731,-143.68737436218728,43.89798585825809
403,ZG316722,0.0,403,159.1484654069009,106.38298100938812,17.8613264809053,-6.958329166759873,159.74896266077863,-48.46039020479869
404,ZG322541,1.0,404,42.391489778298535,-28.889568072539657,-16.214551970484525,-11.806162323938269,-158.90686536526192,80.98933694561536
405,ZG5003493,0.0,405,16.727351023192966,-92.86953515841059,-7.007830127138705,-1.0087533042386039,-115.11562479687095,-45.02373559483682
406,ZG5021922,1.0,406,-27.99248626148763,-27.32154272082462,15.994764229843812,-11.663256731213014,255.70154300708217,55.36859946620498
407,ZG5048010,1.0,407,54.88055155719828,52.64999861987516,44.16173887318876,-7.8145570016447845,292.01836838180583,-15.986284766875688
408,ZG5051896,1.0,408,-10.463029853317476,-28.300201858282524,-9.408621834534781,-5.803353103259007,-116.18188740110702,-33.70172106582588
409,ZG5089456,1.0,409,-33.12192856378483,-21.15060224012725,-33.786530318541686,-9.995455003625835,-213.90320555954764,36.29607432633018
410,ZG8006959,1.0,410,-52.05663316925838,-11.583573749094908,44.047119066732144,-7.915096102147684,292.6111081058029,-16.34089665715891
411,ZG8038581181,1.0,411,-22.599363527134525,-52.09794935353991,-11.428729670466707,-7.269890757831237,-105.7348017526859,10.414488541215439
412,ZG8510487,1.0,412,56.278609828088975,-21.914921736936254,-15.605193254552535,-5.9772413643439855,-208.76681444584887,37.114226966573966
413,ZG8525123,1.0,413,-52.629603798157,-4.313718049972784,-22.885892034774535,-7.276451229846211,-209.65987844176144,41.72129381826445
